"source_url","destination_url","anchor_text","link_type","reason"
"https://kraftboxpack.com/","https://kraftboxpack.com/product/kraft-thermal-kraft-boxes/","Kraft Thermal Kraft Boxes","product-grid","Link not reproduced on the rebuilt page"
"https://kraftboxpack.com/","https://kraftboxpack.com/product/kraft-beard-oil-boxes/","Kraft Beard Oil Boxes","product-grid","Link not reproduced on the rebuilt page"
"https://kraftboxpack.com/","https://kraftboxpack.com/product/kraft-lip-balm-packaging-boxes/","Kraft Lip Balm Packaging Boxes","product-grid","Link not reproduced on the rebuilt page"
"https://kraftboxpack.com/","https://kraftboxpack.com/product/kraft-soap-sleeve-boxes/","Kraft Soap Sleeve Boxes","product-grid","Link not reproduced on the rebuilt page"
"https://kraftboxpack.com/","https://kraftboxpack.com/product/kraft-wax-melt-boxes/","Kraft Wax Melt Boxes","product-grid","Link not reproduced on the rebuilt page"
"https://kraftboxpack.com/","https://kraftboxpack.com/product/kraft-candle-sleeve-boxes/","Kraft Candle Sleeve Boxes","product-grid","Link not reproduced on the rebuilt page"
"https://kraftboxpack.com/","https://kraftboxpack.com/product/kraft-makeup-palette-boxes/","Kraft Makeup Palette Boxes","product-grid","Link not reproduced on the rebuilt page"
"https://kraftboxpack.com/","https://kraftboxpack.com/product/kraft-skincare-boxes/","Kraft Skincare Boxes","product-grid","Link not reproduced on the rebuilt page"
"https://kraftboxpack.com/","https://kraftboxpack.com/product/kraft-perfume-boxes/","Kraft Perfume Boxes","product-grid","Link not reproduced on the rebuilt page"
"https://kraftboxpack.com/","https://kraftboxpack.com/product/kraft-subscription-boxes/","Kraft Subscription Boxes","product-grid","Link not reproduced on the rebuilt page"
"https://kraftboxpack.com/","https://kraftboxpack.com/product/kraft-pr-packaging-boxes/","Kraft PR Packaging Boxes","product-grid","Link not reproduced on the rebuilt page"
"https://kraftboxpack.com/","https://kraftboxpack.com/product/kraft-bouquet-boxes/","Kraft Bouquet Boxes","product-grid","Link not reproduced on the rebuilt page"
"https://kraftboxpack.com/","https://kraftboxpack.com/product/kraft-candy-favor-boxes/","Kraft Candy Favor Boxes","product-grid","Link not reproduced on the rebuilt page"
"https://kraftboxpack.com/","https://kraftboxpack.com/product/kraft-marketing-kit-boxes/","Kraft Marketing Kit Boxes","product-grid","Link not reproduced on the rebuilt page"
"https://kraftboxpack.com/","https://kraftboxpack.com/product/kraft-promotional-boxes/","Kraft Promotional Boxes","product-grid","Link not reproduced on the rebuilt page"
"https://kraftboxpack.com/","https://kraftboxpack.com/product/kraft-invitation-boxes/","Kraft Invitation Boxes","product-grid","Link not reproduced on the rebuilt page"
"https://kraftboxpack.com/","https://kraftboxpack.com/product/kraft-round-gift-containers/","Kraft Round Gift Containers","product-grid","Link not reproduced on the rebuilt page"
"https://kraftboxpack.com/","https://kraftboxpack.com/product/kraft-rectangular-gift-boxes/","Kraft Rectangular Gift Boxes","product-grid","Link not reproduced on the rebuilt page"
"https://kraftboxpack.com/","https://kraftboxpack.com/product/kraft-square-gift-boxes/","Kraft Square Gift Boxes","product-grid","Link not reproduced on the rebuilt page"
"https://kraftboxpack.com/","https://kraftboxpack.com/product/kraft-pillow-gift-boxes/","Kraft Pillow Gift Boxes","product-grid","Link not reproduced on the rebuilt page"
"https://kraftboxpack.com/","https://kraftboxpack.com/product/kraft-ribbon-closure-boxes/","Kraft Ribbon Closure Boxes","product-grid","Link not reproduced on the rebuilt page"
"https://kraftboxpack.com/","https://kraftboxpack.com/product/kraft-shoulder-boxes/","Kraft Shoulder Boxes","product-grid","Link not reproduced on the rebuilt page"
"https://kraftboxpack.com/","https://kraftboxpack.com/product/kraft-luxury-magnet-boxes/","Kraft Luxury Magnet Boxes","product-grid","Link not reproduced on the rebuilt page"
"https://kraftboxpack.com/","https://kraftboxpack.com/product/kraft-liquor-gift-boxes/","Kraft Liquor Gift Boxes","product-grid","Link not reproduced on the rebuilt page"
"https://kraftboxpack.com/","https://kraftboxpack.com/product/kraft-influencer-boxes/","Kraft Influencer Boxes","product-grid","Link not reproduced on the rebuilt page"
"https://kraftboxpack.com/","https://kraftboxpack.com/product/kraft-heart-shaped-boxes/","Kraft Heart Shaped Boxes","product-grid","Link not reproduced on the rebuilt page"
"https://kraftboxpack.com/","https://kraftboxpack.com/product/kraft-giveaway-packaging-boxes/","Kraft Giveaway Packaging Boxes","product-grid","Link not reproduced on the rebuilt page"
"https://kraftboxpack.com/","https://kraftboxpack.com/product/kraft-gift-hamper-boxes/","Kraft Gift Hamper Boxes","product-grid","Link not reproduced on the rebuilt page"
"https://kraftboxpack.com/","https://kraftboxpack.com/product/kraft-gift-card-boxes/","Kraft Gift Card Boxes","product-grid","Link not reproduced on the rebuilt page"
"https://kraftboxpack.com/","https://kraftboxpack.com/product/kraft-flower-boxes/","Kraft Flower Boxes","product-grid","Link not reproduced on the rebuilt page"
"https://kraftboxpack.com/","https://kraftboxpack.com/product/kraft-flip-top-rigid-boxes/","Kraft Flip Top Rigid Boxes","product-grid","Link not reproduced on the rebuilt page"
"https://kraftboxpack.com/","https://kraftboxpack.com/product/kraft-eyelash-packaging-boxes/","Kraft Eyelash Packaging Boxes","product-grid","Link not reproduced on the rebuilt page"
"https://kraftboxpack.com/","https://kraftboxpack.com/product/kraft-event-favor-boxes/","Kraft Event Favor Boxes","product-grid","Link not reproduced on the rebuilt page"
"https://kraftboxpack.com/","https://kraftboxpack.com/product/kraft-lid-base-rigid-boxes/","Kraft Lid & Base Rigid Boxes","product-grid","Link not reproduced on the rebuilt page"
"https://kraftboxpack.com/","https://kraftboxpack.com/product/kraft-drawer-gift-boxes/","Kraft Drawer Gift Boxes","product-grid","Link not reproduced on the rebuilt page"
"https://kraftboxpack.com/","https://kraftboxpack.com/product/kraft-minimalist-boxes/","Kraft Minimalist Boxes","product-grid","Link not reproduced on the rebuilt page"
"https://kraftboxpack.com/","https://kraftboxpack.com/product/kraft-display-boxes/","Kraft Display Boxes","product-grid","Link not reproduced on the rebuilt page"
"https://kraftboxpack.com/","https://kraftboxpack.com/product/kraft-bakery-bags/","Kraft Bakery Bags","product-grid","Link not reproduced on the rebuilt page"
"https://kraftboxpack.com/","https://kraftboxpack.com/product/kraft-paper-treat-bags/","Kraft Paper Treat Bags","product-grid","Link not reproduced on the rebuilt page"
"https://kraftboxpack.com/","https://kraftboxpack.com/product/kraft-necklace-box/","Kraft Necklace Box","product-grid","Link not reproduced on the rebuilt page"
"https://kraftboxpack.com/","https://kraftboxpack.com/product/colored-kraft-paper/","Colored Kraft Paper","product-grid","Link not reproduced on the rebuilt page"
"https://kraftboxpack.com/","https://kraftboxpack.com/product/kraft-pillow-boxes/","Kraft Pillow Boxes","product-grid","Link not reproduced on the rebuilt page"
"https://kraftboxpack.com/","https://kraftboxpack.com/product/custom-kraft-bags/","Custom Kraft Bags","product-grid","Link not reproduced on the rebuilt page"
"https://kraftboxpack.com/","https://kraftboxpack.com/product/kraft-paper-boxes/","Kraft Paper Boxes","product-grid","Link not reproduced on the rebuilt page"
"https://kraftboxpack.com/","https://kraftboxpack.com/product/kraft-boxes-for-gifts/","Kraft Boxes For Gifts","product-grid","Link not reproduced on the rebuilt page"
"https://kraftboxpack.com/","https://kraftboxpack.com/product/kraft-paperboard-boxes/","Kraft Paperboard Boxes","product-grid","Link not reproduced on the rebuilt page"
"https://kraftboxpack.com/","https://kraftboxpack.com/product/kraft-boxes-with-lid/","Kraft Boxes With Lid","product-grid","Link not reproduced on the rebuilt page"
"https://kraftboxpack.com/","https://kraftboxpack.com/product/black-kraft-boxes/","Black Kraft Boxes","product-grid","Link not reproduced on the rebuilt page"
"https://kraftboxpack.com/","https://kraftboxpack.com/product/kraft-paper-dispenser-boxes/","Kraft Paper Dispenser Boxes","product-grid","Link not reproduced on the rebuilt page"
"https://kraftboxpack.com/","https://kraftboxpack.com/product/kraft-paper-gift-wrapping/","Kraft Paper Gift Wrapping","product-grid","Link not reproduced on the rebuilt page"
"https://kraftboxpack.com/","https://kraftboxpack.com/product/kraft-candy-boxes/","Kraft Candy Boxes","product-grid","Link not reproduced on the rebuilt page"
"https://kraftboxpack.com/","https://kraftboxpack.com/product/kraft-cupcake-boxes/","Kraft Cupcake Boxes","product-grid","Link not reproduced on the rebuilt page"
"https://kraftboxpack.com/","https://kraftboxpack.com/product/kraft-dispenser-boxes/","Kraft Dispenser Boxes","product-grid","Link not reproduced on the rebuilt page"
"https://kraftboxpack.com/","https://kraftboxpack.com/product/kraft-favor-boxes/","Kraft Favor Boxes","product-grid","Link not reproduced on the rebuilt page"
"https://kraftboxpack.com/","https://kraftboxpack.com/product/kraft-treat-boxes/","Kraft Treat Boxes","product-grid","Link not reproduced on the rebuilt page"
"https://kraftboxpack.com/","https://kraftboxpack.com/product/kraft-cookie-boxes/","Kraft Cookie Boxes","product-grid","Link not reproduced on the rebuilt page"
"https://kraftboxpack.com/","https://kraftboxpack.com/product/kraft-bakery-boxes/","Kraft Bakery Boxes","product-grid","Link not reproduced on the rebuilt page"
"https://kraftboxpack.com/","https://kraftboxpack.com/product/kraft-storage-boxes/","Kraft Storage Boxes","product-grid","Link not reproduced on the rebuilt page"
"https://kraftboxpack.com/","https://kraftboxpack.com/product/kraft-pizza-boxes/","Kraft Pizza Boxes","product-grid","Link not reproduced on the rebuilt page"
"https://kraftboxpack.com/","https://kraftboxpack.com/product/kraft-cake-boxes/","Kraft Cake Boxes","product-grid","Link not reproduced on the rebuilt page"
"https://kraftboxpack.com/","https://kraftboxpack.com/product/kraft-gable-boxes/","Kraft Gable Boxes","product-grid","Link not reproduced on the rebuilt page"
"https://kraftboxpack.com/cart/","https://kraftboxpack.com/","Home","breadcrumb","Source page retired (WooCommerce cart/checkout/account)"
"https://kraftboxpack.com/cart/","https://kraftboxpack.com/product-category/colored-kraft-boxes/","Colored Kraft Boxes","navigation","Source page retired (WooCommerce cart/checkout/account)"
"https://kraftboxpack.com/cart/","https://kraftboxpack.com/product-category/kraft-gift-specialty-boxes/","Kraft Gift & Specialty Boxes","navigation","Source page retired (WooCommerce cart/checkout/account)"
"https://kraftboxpack.com/cart/","https://kraftboxpack.com/product-category/kraft-packaging-boxes/","Kraft Packaging Boxes","navigation","Source page retired (WooCommerce cart/checkout/account)"
"https://kraftboxpack.com/cart/","https://kraftboxpack.com/product-category/kraft-wrapping-accessories/","Kraft Wrapping & Accessories","navigation","Source page retired (WooCommerce cart/checkout/account)"
"https://kraftboxpack.com/cart/","https://kraftboxpack.com/product/kraft-pop-display-boxes/","Kraft POP Display Boxes","related-product","Source page retired (WooCommerce cart/checkout/account)"
"https://kraftboxpack.com/cart/","https://kraftboxpack.com/product/kraft-retail-display-trays/","Kraft Retail Display Trays","contextual","Source page retired (WooCommerce cart/checkout/account)"
"https://kraftboxpack.com/cart/","https://kraftboxpack.com/product/kraft-recycled-kraft-boxes/","Kraft Recycled Kraft Boxes","contextual","Source page retired (WooCommerce cart/checkout/account)"
"https://kraftboxpack.com/cart/","https://kraftboxpack.com/product/kraft-thermal-kraft-boxes/","Kraft Thermal Kraft Boxes","contextual","Source page retired (WooCommerce cart/checkout/account)"
"https://kraftboxpack.com/cart/","https://kraftboxpack.com/about-us/","About Us","footer","Source page retired (WooCommerce cart/checkout/account)"
"https://kraftboxpack.com/cart/","https://kraftboxpack.com/contact-us/","Contact Us","footer","Source page retired (WooCommerce cart/checkout/account)"
"https://kraftboxpack.com/cart/","https://kraftboxpack.com/privacy-policy/","Privacy Policy","footer","Source page retired (WooCommerce cart/checkout/account)"
"https://kraftboxpack.com/cart/","https://kraftboxpack.com/refund_returns/","Refund and Returns Policy","footer","Source page retired (WooCommerce cart/checkout/account)"
"https://kraftboxpack.com/cart/","https://kraftboxpack.com/terms-conditions/","Terms & Conditions","footer","Source page retired (WooCommerce cart/checkout/account)"
"https://kraftboxpack.com/checkout/","https://kraftboxpack.com/","Home","breadcrumb","Source page retired (WooCommerce cart/checkout/account)"
"https://kraftboxpack.com/checkout/","https://kraftboxpack.com/product-category/colored-kraft-boxes/","Colored Kraft Boxes","navigation","Source page retired (WooCommerce cart/checkout/account)"
"https://kraftboxpack.com/checkout/","https://kraftboxpack.com/product-category/kraft-gift-specialty-boxes/","Kraft Gift & Specialty Boxes","navigation","Source page retired (WooCommerce cart/checkout/account)"
"https://kraftboxpack.com/checkout/","https://kraftboxpack.com/product-category/kraft-packaging-boxes/","Kraft Packaging Boxes","navigation","Source page retired (WooCommerce cart/checkout/account)"
"https://kraftboxpack.com/checkout/","https://kraftboxpack.com/product-category/kraft-wrapping-accessories/","Kraft Wrapping & Accessories","navigation","Source page retired (WooCommerce cart/checkout/account)"
"https://kraftboxpack.com/checkout/","https://kraftboxpack.com/cart/","Cart","breadcrumb","Source page retired (WooCommerce cart/checkout/account)"
"https://kraftboxpack.com/checkout/","https://kraftboxpack.com/product/kraft-pop-display-boxes/","Kraft POP Display Boxes","related-product","Source page retired (WooCommerce cart/checkout/account)"
"https://kraftboxpack.com/checkout/","https://kraftboxpack.com/product/kraft-retail-display-trays/","Kraft Retail Display Trays","contextual","Source page retired (WooCommerce cart/checkout/account)"
"https://kraftboxpack.com/checkout/","https://kraftboxpack.com/product/kraft-recycled-kraft-boxes/","Kraft Recycled Kraft Boxes","contextual","Source page retired (WooCommerce cart/checkout/account)"
"https://kraftboxpack.com/checkout/","https://kraftboxpack.com/product/kraft-thermal-kraft-boxes/","Kraft Thermal Kraft Boxes","contextual","Source page retired (WooCommerce cart/checkout/account)"
"https://kraftboxpack.com/checkout/","https://kraftboxpack.com/about-us/","About Us","footer","Source page retired (WooCommerce cart/checkout/account)"
"https://kraftboxpack.com/checkout/","https://kraftboxpack.com/contact-us/","Contact Us","footer","Source page retired (WooCommerce cart/checkout/account)"
"https://kraftboxpack.com/checkout/","https://kraftboxpack.com/privacy-policy/","Privacy Policy","footer","Source page retired (WooCommerce cart/checkout/account)"
"https://kraftboxpack.com/checkout/","https://kraftboxpack.com/refund_returns/","Refund and Returns Policy","footer","Source page retired (WooCommerce cart/checkout/account)"
"https://kraftboxpack.com/checkout/","https://kraftboxpack.com/terms-conditions/","Terms & Conditions","footer","Source page retired (WooCommerce cart/checkout/account)"
"https://kraftboxpack.com/my-account/","https://kraftboxpack.com/","Home","breadcrumb","Source page retired (WooCommerce cart/checkout/account)"
"https://kraftboxpack.com/my-account/","https://kraftboxpack.com/product-category/colored-kraft-boxes/","Colored Kraft Boxes","navigation","Source page retired (WooCommerce cart/checkout/account)"
"https://kraftboxpack.com/my-account/","https://kraftboxpack.com/product-category/kraft-gift-specialty-boxes/","Kraft Gift & Specialty Boxes","navigation","Source page retired (WooCommerce cart/checkout/account)"
"https://kraftboxpack.com/my-account/","https://kraftboxpack.com/product-category/kraft-packaging-boxes/","Kraft Packaging Boxes","navigation","Source page retired (WooCommerce cart/checkout/account)"
"https://kraftboxpack.com/my-account/","https://kraftboxpack.com/product-category/kraft-wrapping-accessories/","Kraft Wrapping & Accessories","navigation","Source page retired (WooCommerce cart/checkout/account)"
"https://kraftboxpack.com/my-account/","https://kraftboxpack.com/my-account/lost-password/","Lost your password?","contextual","Source page retired (WooCommerce cart/checkout/account)"
"https://kraftboxpack.com/my-account/","https://kraftboxpack.com/about-us/","About Us","footer","Source page retired (WooCommerce cart/checkout/account)"
"https://kraftboxpack.com/my-account/","https://kraftboxpack.com/contact-us/","Contact Us","footer","Source page retired (WooCommerce cart/checkout/account)"
"https://kraftboxpack.com/my-account/","https://kraftboxpack.com/privacy-policy/","Privacy Policy","footer","Source page retired (WooCommerce cart/checkout/account)"
"https://kraftboxpack.com/my-account/","https://kraftboxpack.com/refund_returns/","Refund and Returns Policy","footer","Source page retired (WooCommerce cart/checkout/account)"
"https://kraftboxpack.com/my-account/","https://kraftboxpack.com/terms-conditions/","Terms & Conditions","footer","Source page retired (WooCommerce cart/checkout/account)"
"https://kraftboxpack.com/product-category/kraft-packaging-boxes/karft-cosmetic-boxes/","https://kraftboxpack.com/product/kraft-beauty-kit-boxes/","Kraft Beauty Kit Boxes","product-grid","Link not reproduced on the rebuilt page"
"https://kraftboxpack.com/product-category/kraft-packaging-boxes/karft-cosmetic-boxes/","https://kraftboxpack.com/product/kraft-mascara-boxes/","Kraft Mascara Boxes","product-grid","Link not reproduced on the rebuilt page"
"https://kraftboxpack.com/product-category/kraft-food-packaging/","https://kraftboxpack.com/product-category/kraft-food-packaging/page/2/","Next","navigation","Destination does not exist (404 on the old site too)"
"https://kraftboxpack.com/product-category/kraft-gift-specialty-boxes/","https://kraftboxpack.com/product-category/kraft-gift-specialty-boxes/page/2/","Next","navigation","Destination does not exist (404 on the old site too)"
"https://kraftboxpack.com/product-category/kraft-gift-specialty-boxes/","https://kraftboxpack.com/product-category/kraft-gift-specialty-boxes/page/3/","3","navigation","Destination does not exist (404 on the old site too)"
"https://kraftboxpack.com/product-category/kraft-gift-specialty-boxes/custom-gift-boxes/","https://kraftboxpack.com/product-category/kraft-gift-specialty-boxes/custom-gift-boxes/page/2/","Next","navigation","Destination does not exist (404 on the old site too)"
"https://kraftboxpack.com/product-category/kraft-packaging-boxes/","https://kraftboxpack.com/product-category/kraft-packaging-boxes/page/2/","Next","navigation","Destination does not exist (404 on the old site too)"
"https://kraftboxpack.com/product/custom-kraft-bags/","https://kraftboxpack.com/product/kraft-take-out-boxes/","Kraft Take Out Boxes","related-product","Link not reproduced on the rebuilt page"
"https://kraftboxpack.com/product/custom-kraft-bags/","https://kraftboxpack.com/product/kraft-favor-boxes/","Kraft Favor Boxes","product-grid","Link not reproduced on the rebuilt page"
"https://kraftboxpack.com/product/custom-kraft-bags/","https://kraftboxpack.com/product/kraft-paperboard-boxes/","Kraft Paperboard Boxes","product-grid","Link not reproduced on the rebuilt page"
"https://kraftboxpack.com/product/kraft-apparel-packaging-boxes/","https://kraftboxpack.com/product/Kraft-T-Shirt-Boxes/","Kraft T Shirt Boxes","contextual","Destination does not exist (404 on the old site too)"
"https://kraftboxpack.com/product/kraft-art-supply-packaging/","https://kraftboxpack.com/product/kraft-craft-kit-boxes/","Kraft Craft Kit Boxes","contextual","Destination does not exist (404 on the old site too)"
"https://kraftboxpack.com/product/kraft-bakery-bags/","https://kraftboxpack.com/product/kraft-gable-boxes/","Kraft Gable Boxes","related-product","Link not reproduced on the rebuilt page"
"https://kraftboxpack.com/product/kraft-bakery-bags/","https://kraftboxpack.com/product/kraft-treat-boxes/","Kraft Treat Boxes","product-grid","Link not reproduced on the rebuilt page"
"https://kraftboxpack.com/product/kraft-bakery-boxes/","https://kraftboxpack.com/product/kraft-mailer-boxes/","Kraft Mailer Boxes","related-product","Link not reproduced on the rebuilt page"
"https://kraftboxpack.com/product/kraft-bakery-boxes/","https://kraftboxpack.com/product/kraft-gable-boxes/","Kraft Gable Boxes","product-grid","Link not reproduced on the rebuilt page"
"https://kraftboxpack.com/product/kraft-bakery-boxes/","https://kraftboxpack.com/product/kraft-shoe-boxes/","Kraft Shoe Boxes","product-grid","Link not reproduced on the rebuilt page"
"https://kraftboxpack.com/product/kraft-beard-oil-boxes/","https://kraftboxpack.com/product/Kraft-Mascara-Boxes/","Kraft Mascara Boxes","contextual","Destination does not exist (404 on the old site too)"
"https://kraftboxpack.com/product/kraft-beauty-kit-boxes/","https://kraftboxpack.com/product/Kraft-Makeup-Palette-Boxes/","Kraft Makeup Palette Boxes","contextual","Destination does not exist (404 on the old site too)"
"https://kraftboxpack.com/product/kraft-bouquet-boxes/","https://kraftboxpack.com/product/kraft-heart-shaped-boxes/","Kraft Heart Shaped Boxes","product-grid","Link not reproduced on the rebuilt page"
"https://kraftboxpack.com/product/kraft-bouquet-boxes/","https://kraftboxpack.com/product/kraft-luxury-magnet-boxes/","Kraft Luxury Magnet Boxes","product-grid","Link not reproduced on the rebuilt page"
"https://kraftboxpack.com/product/kraft-box-with-window/","https://kraftboxpack.com/product/mini-kraft-boxes/","Mini Kraft Boxes","related-product","Link not reproduced on the rebuilt page"
"https://kraftboxpack.com/product/kraft-box-with-window/","https://kraftboxpack.com/product/kraft-round-boxes/","Kraft Round Boxes","product-grid","Link not reproduced on the rebuilt page"
"https://kraftboxpack.com/product/kraft-box-with-window/","https://kraftboxpack.com/product/kraft-pillow-boxes/","Kraft Pillow Boxes","product-grid","Link not reproduced on the rebuilt page"
"https://kraftboxpack.com/product/kraft-bracelet-packaging-boxes/","https://kraftboxpack.com/product/Kraft-Earring-Packaging-Boxes/","Kraft Earring Packaging Boxes","contextual","Destination does not exist (404 on the old site too)"
"https://kraftboxpack.com/product/kraft-brochure-packaging-boxes/","https://kraftboxpack.com/product/kraft-menu-packaging-boxes/","Kraft Menu Packaging Boxes","contextual","Destination does not exist (404 on the old site too)"
"https://kraftboxpack.com/product/kraft-brownie-packaging-boxes/","https://kraftboxpack.com/product/kraft-sandwich-wedge-boxes/","Kraft Sandwich Wedge Boxes","product-grid","Link not reproduced on the rebuilt page"
"https://kraftboxpack.com/product/kraft-cake-boxes/","https://kraftboxpack.com/product/kraft-bakery-boxes/","Kraft Bakery Boxes","product-grid","Link not reproduced on the rebuilt page"
"https://kraftboxpack.com/product/kraft-cake-boxes/","https://kraftboxpack.com/product/kraft-bakery-bags/","Kraft Bakery Bags","product-grid","Link not reproduced on the rebuilt page"
"https://kraftboxpack.com/product/kraft-candle-boxes/","https://kraftboxpack.com/product/kraft-round-boxes/","Kraft Round Boxes","product-grid","Link not reproduced on the rebuilt page"
"https://kraftboxpack.com/product/kraft-candy-boxes/","https://kraftboxpack.com/product/kraft-box-with-window/","Kraft Box with Window","related-product","Link not reproduced on the rebuilt page"
"https://kraftboxpack.com/product/kraft-candy-favor-boxes/","https://kraftboxpack.com/product/kraft-liquor-gift-boxes/","Kraft Liquor Gift Boxes","related-product","Link not reproduced on the rebuilt page"
"https://kraftboxpack.com/product/kraft-candy-favor-boxes/","https://kraftboxpack.com/product/kraft-round-gift-containers/","Kraft Round Gift Containers","product-grid","Link not reproduced on the rebuilt page"
"https://kraftboxpack.com/product/kraft-candy-favor-boxes/","https://kraftboxpack.com/product/kraft-invitation-boxes/","Kraft Invitation Boxes","product-grid","Link not reproduced on the rebuilt page"
"https://kraftboxpack.com/product/kraft-candy-favor-boxes/","https://kraftboxpack.com/product/kraft-promotional-boxes/","Kraft Promotional Boxes","product-grid","Link not reproduced on the rebuilt page"
"https://kraftboxpack.com/product/kraft-chocolate-packaging-boxes/","https://kraftboxpack.com/product/kraft-pastry-boxes/","Kraft Pastry Boxes","product-grid","Link not reproduced on the rebuilt page"
"https://kraftboxpack.com/product/kraft-chocolate-packaging-boxes/","https://kraftboxpack.com/product/kraft-meat-packaging-boxes/","Kraft Meat Packaging Boxes","product-grid","Link not reproduced on the rebuilt page"
"https://kraftboxpack.com/product/kraft-chocolate-packaging-boxes/","https://kraftboxpack.com/product/kraft-vegetable-packaging-boxes/","Kraft Vegetable Packaging Boxes","product-grid","Link not reproduced on the rebuilt page"
"https://kraftboxpack.com/product/kraft-coffee-packaging-boxes/","https://kraftboxpack.com/product/kraft-chocolate-packaging-boxes/","Kraft Chocolate Packaging Boxes","product-grid","Link not reproduced on the rebuilt page"
"https://kraftboxpack.com/product/kraft-coffee-packaging-boxes/","https://kraftboxpack.com/product/kraft-noodle-packaging-boxes/","Kraft Noodle Packaging Boxes","product-grid","Link not reproduced on the rebuilt page"
"https://kraftboxpack.com/product/kraft-cookie-boxes/","https://kraftboxpack.com/product/kraft-pizza-boxes/","Kraft Pizza Boxes","related-product","Link not reproduced on the rebuilt page"
"https://kraftboxpack.com/product/kraft-cookie-boxes/","https://kraftboxpack.com/product/custom-kraft-bags/","Custom Kraft Bags","product-grid","Link not reproduced on the rebuilt page"
"https://kraftboxpack.com/product/kraft-corrugated-boxes/","https://kraftboxpack.com/product/kraft-treat-boxes/","Kraft Treat Boxes","product-grid","Link not reproduced on the rebuilt page"
"https://kraftboxpack.com/product/kraft-corrugated-boxes/","https://kraftboxpack.com/product/kraft-bakery-bags/","Kraft Bakery Bags","product-grid","Link not reproduced on the rebuilt page"
"https://kraftboxpack.com/product/kraft-cupcake-boxes/","https://kraftboxpack.com/product/kraft-box-with-window/","Kraft Box with Window","related-product","Link not reproduced on the rebuilt page"
"https://kraftboxpack.com/product/kraft-cupcake-boxes/","https://kraftboxpack.com/product/small-kraft-boxes/","Small Kraft Boxes","product-grid","Link not reproduced on the rebuilt page"
"https://kraftboxpack.com/product/kraft-dispenser-boxes/","https://kraftboxpack.com/product/kraft-take-out-boxes/","Kraft Take Out Boxes","related-product","Link not reproduced on the rebuilt page"
"https://kraftboxpack.com/product/kraft-dispenser-boxes/","https://kraftboxpack.com/product/custom-kraft-bags/","Custom Kraft Bags","product-grid","Link not reproduced on the rebuilt page"
"https://kraftboxpack.com/product/kraft-dispenser-boxes/","https://kraftboxpack.com/product/kraft-bakery-bags/","Kraft Bakery Bags","product-grid","Link not reproduced on the rebuilt page"
"https://kraftboxpack.com/product/kraft-display-boxes/","https://kraftboxpack.com/product/kraft-box-with-window/","Kraft Box with Window","related-product","Link not reproduced on the rebuilt page"
"https://kraftboxpack.com/product/kraft-display-boxes/","https://kraftboxpack.com/product/kraft-candy-boxes/","Kraft Candy Boxes","product-grid","Link not reproduced on the rebuilt page"
"https://kraftboxpack.com/product/kraft-donut-packaging-boxes/","https://kraftboxpack.com/product/kraft-muffin-packaging-boxes/","Kraft Muffin Packaging Boxes","product-grid","Link not reproduced on the rebuilt page"
"https://kraftboxpack.com/product/kraft-donut-packaging-boxes/","https://kraftboxpack.com/product/kraft-salad-boxes/","Kraft Salad Boxes","product-grid","Link not reproduced on the rebuilt page"
"https://kraftboxpack.com/product/kraft-drawer-boxes/","https://kraftboxpack.com/product/kraft-cookie-boxes/","Kraft Cookie Boxes","product-grid","Link not reproduced on the rebuilt page"
"https://kraftboxpack.com/product/kraft-drawer-gift-boxes/","https://kraftboxpack.com/product/kraft-rectangular-gift-boxes/","Kraft Rectangular Gift Boxes","product-grid","Link not reproduced on the rebuilt page"
"https://kraftboxpack.com/product/kraft-drawer-gift-boxes/","https://kraftboxpack.com/product/kraft-pr-packaging-boxes/","Kraft PR Packaging Boxes","product-grid","Link not reproduced on the rebuilt page"
"https://kraftboxpack.com/product/kraft-earring-packaging-boxes/","https://kraftboxpack.com/product/Kraft-Jewelry-Insert-Boxes/","Kraft Jewelry Insert Boxes","contextual","Destination does not exist (404 on the old site too)"
"https://kraftboxpack.com/product/kraft-eco-friendly-compostable-boxes/","https://kraftboxpack.com/product/kraft-minimalist-kraft-boxes/","Kraft Minimalist Kraft Boxes","contextual","Destination does not exist (404 on the old site too)"
"https://kraftboxpack.com/product/kraft-egg-cartons/","https://kraftboxpack.com/product/kraft-tea-packaging-boxes/","Kraft Tea Packaging Boxes","product-grid","Link not reproduced on the rebuilt page"
"https://kraftboxpack.com/product/kraft-egg-cartons/","https://kraftboxpack.com/product/kraft-brownie-packaging-boxes/","Kraft Brownie Packaging Boxes","product-grid","Link not reproduced on the rebuilt page"
"https://kraftboxpack.com/product/kraft-event-favor-boxes/","https://kraftboxpack.com/product/kraft-Influencer-boxes/","Kraft Influencer Boxes","contextual","Destination does not exist (404 on the old site too)"
"https://kraftboxpack.com/product/kraft-event-favor-boxes/","https://kraftboxpack.com/product/kraft-lid-base-rigid-boxes/","Kraft Lid & Base Rigid Boxes","related-product","Link not reproduced on the rebuilt page"
"https://kraftboxpack.com/product/kraft-event-favor-boxes/","https://kraftboxpack.com/product/kraft-shoulder-boxes/","Kraft Shoulder Boxes","product-grid","Link not reproduced on the rebuilt page"
"https://kraftboxpack.com/product/kraft-event-favor-boxes/","https://kraftboxpack.com/product/kraft-rectangular-gift-boxes/","Kraft Rectangular Gift Boxes","product-grid","Link not reproduced on the rebuilt page"
"https://kraftboxpack.com/product/kraft-event-favor-boxes/","https://kraftboxpack.com/product/kraft-round-gift-containers/","Kraft Round Gift Containers","product-grid","Link not reproduced on the rebuilt page"
"https://kraftboxpack.com/product/kraft-eyelash-packaging-boxes/","https://kraftboxpack.com/product/Kraft-Cosmetic-Serum-Boxes/","Kraft Cosmetic Serum Boxes","contextual","Destination does not exist (404 on the old site too)"
"https://kraftboxpack.com/product/kraft-favor-boxes/","https://kraftboxpack.com/product/kraft-corrugated-boxes/","Kraft Corrugated Boxes","product-grid","Link not reproduced on the rebuilt page"
"https://kraftboxpack.com/product/kraft-favor-boxes/","https://kraftboxpack.com/product/kraft-treat-boxes/","Kraft Treat Boxes","product-grid","Link not reproduced on the rebuilt page"
"https://kraftboxpack.com/product/kraft-flip-top-rigid-boxes/","https://kraftboxpack.com/product/kraft-luxury-magnet-boxes/","Kraft Luxury Magnet Boxes","related-product","Link not reproduced on the rebuilt page"
"https://kraftboxpack.com/product/kraft-flip-top-rigid-boxes/","https://kraftboxpack.com/product/kraft-ribbon-closure-boxes/","Kraft Ribbon Closure Boxes","product-grid","Link not reproduced on the rebuilt page"
"https://kraftboxpack.com/product/kraft-flip-top-rigid-boxes/","https://kraftboxpack.com/product/kraft-candy-favor-boxes/","Kraft Candy Favor Boxes","product-grid","Link not reproduced on the rebuilt page"
"https://kraftboxpack.com/product/kraft-flip-top-rigid-boxes/","https://kraftboxpack.com/product/kraft-subscription-boxes/","Kraft Subscription Boxes","product-grid","Link not reproduced on the rebuilt page"
"https://kraftboxpack.com/product/kraft-flower-boxes/","https://kraftboxpack.com/product/kraft-round-gift-containers/","Kraft Round Gift Containers","product-grid","Link not reproduced on the rebuilt page"
"https://kraftboxpack.com/product/kraft-food-boxes/","https://kraftboxpack.com/product/kraft-drawer-boxes/","Kraft Drawer Boxes","product-grid","Link not reproduced on the rebuilt page"
"https://kraftboxpack.com/product/kraft-food-boxes/","https://kraftboxpack.com/product/custom-kraft-bags/","Custom Kraft Bags","product-grid","Link not reproduced on the rebuilt page"
"https://kraftboxpack.com/product/kraft-food-boxes/","https://kraftboxpack.com/product/kraft-bakery-bags/","Kraft Bakery Bags","product-grid","Link not reproduced on the rebuilt page"
"https://kraftboxpack.com/product/kraft-frozen-food-boxes/","https://kraftboxpack.com/product/kraft-coffee-packaging-boxes/","Kraft Coffee Packaging Boxes","related-product","Link not reproduced on the rebuilt page"
"https://kraftboxpack.com/product/kraft-frozen-food-boxes/","https://kraftboxpack.com/product/kraft-seafood-boxes/","Kraft Seafood Boxes","product-grid","Link not reproduced on the rebuilt page"
"https://kraftboxpack.com/product/kraft-fruit-packaging-boxes/","https://kraftboxpack.com/product/kraft-popcorn-packaging-boxes/","Kraft Popcorn Packaging Boxes","related-product","Link not reproduced on the rebuilt page"
"https://kraftboxpack.com/product/kraft-fruit-packaging-boxes/","https://kraftboxpack.com/product/kraft-sandwich-wedge-boxes/","Kraft Sandwich Wedge Boxes","product-grid","Link not reproduced on the rebuilt page"
"https://kraftboxpack.com/product/kraft-fruit-packaging-boxes/","https://kraftboxpack.com/product/kraft-vegetable-packaging-boxes/","Kraft Vegetable Packaging Boxes","product-grid","Link not reproduced on the rebuilt page"
"https://kraftboxpack.com/product/kraft-gable-boxes/","https://kraftboxpack.com/product/kraft-bakery-boxes/","Kraft Bakery Boxes","product-grid","Link not reproduced on the rebuilt page"
"https://kraftboxpack.com/product/kraft-gable-boxes/","https://kraftboxpack.com/product/custom-kraft-bags/","Custom Kraft Bags","product-grid","Link not reproduced on the rebuilt page"
"https://kraftboxpack.com/product/kraft-gift-boxes-with-lids/","https://kraftboxpack.com/product/kraft-candy-boxes/","Kraft Candy Boxes","product-grid","Link not reproduced on the rebuilt page"
"https://kraftboxpack.com/product/kraft-gift-card-boxes/","https://kraftboxpack.com/product/kraft-shoulder-boxes/","Kraft Shoulder Boxes","related-product","Link not reproduced on the rebuilt page"
"https://kraftboxpack.com/product/kraft-gift-card-boxes/","https://kraftboxpack.com/product/kraft-square-gift-boxes/","Kraft Square Gift Boxes","product-grid","Link not reproduced on the rebuilt page"
"https://kraftboxpack.com/product/kraft-gift-card-boxes/","https://kraftboxpack.com/product/kraft-candy-favor-boxes/","Kraft Candy Favor Boxes","product-grid","Link not reproduced on the rebuilt page"
"https://kraftboxpack.com/product/kraft-gift-card-boxes/","https://kraftboxpack.com/product/kraft-subscription-boxes/","Kraft Subscription Boxes","product-grid","Link not reproduced on the rebuilt page"
"https://kraftboxpack.com/product/kraft-gift-hamper-boxes/","https://kraftboxpack.com/product/kraft-shoulder-boxes/","Kraft Shoulder Boxes","product-grid","Link not reproduced on the rebuilt page"
"https://kraftboxpack.com/product/kraft-gift-hamper-boxes/","https://kraftboxpack.com/product/kraft-promotional-boxes/","Kraft Promotional Boxes","product-grid","Link not reproduced on the rebuilt page"
"https://kraftboxpack.com/product/kraft-giveaway-packaging-boxes/","https://kraftboxpack.com/product/kraft-corporate%20gift-boxes/","Kraft Corporate Gift Boxes","contextual","Destination does not exist (404 on the old site too)"
"https://kraftboxpack.com/product/kraft-giveaway-packaging-boxes/","https://kraftboxpack.com/product/kraft-shoulder-boxes/","Kraft Shoulder Boxes","related-product","Link not reproduced on the rebuilt page"
"https://kraftboxpack.com/product/kraft-giveaway-packaging-boxes/","https://kraftboxpack.com/product/kraft-ribbon-closure-boxes/","Kraft Ribbon Closure Boxes","product-grid","Link not reproduced on the rebuilt page"
"https://kraftboxpack.com/product/kraft-giveaway-packaging-boxes/","https://kraftboxpack.com/product/kraft-square-gift-boxes/","Kraft Square Gift Boxes","product-grid","Link not reproduced on the rebuilt page"
"https://kraftboxpack.com/product/kraft-granola-bar-boxes/","https://kraftboxpack.com/product/kraft-coffee-packaging-boxes","Kraft Coffee Packaging Boxes","contextual","Destination does not exist (404 on the old site too)"
"https://kraftboxpack.com/product/kraft-granola-bar-boxes/","https://kraftboxpack.com/product/kraft-egg-cartons/","Kraft Egg Cartons","related-product","Link not reproduced on the rebuilt page"
"https://kraftboxpack.com/product/kraft-granola-bar-boxes/","https://kraftboxpack.com/product/kraft-sandwich-wedge-boxes/","Kraft Sandwich Wedge Boxes","product-grid","Link not reproduced on the rebuilt page"
"https://kraftboxpack.com/product/kraft-heart-shaped-boxes/","https://kraftboxpack.com/product/kraft-square-gift-boxes/","Kraft Square Gift Boxes","product-grid","Link not reproduced on the rebuilt page"
"https://kraftboxpack.com/product/kraft-hexagon-boxes/","https://kraftboxpack.com/product/kraft-Cylindrical-boxes/","Kraft Cylindrical Boxes","contextual","Destination does not exist (404 on the old site too)"
"https://kraftboxpack.com/product/kraft-influencer-boxes/","https://kraftboxpack.com/product/kraft-event-favor-boxes/","Kraft Event Favor Boxes","related-product","Link not reproduced on the rebuilt page"
"https://kraftboxpack.com/product/kraft-influencer-boxes/","https://kraftboxpack.com/product/kraft-flower-boxes/","Kraft Flower Boxes","product-grid","Link not reproduced on the rebuilt page"
"https://kraftboxpack.com/product/kraft-influencer-boxes/","https://kraftboxpack.com/product/kraft-gift-card-boxes/","Kraft Gift Card Boxes","product-grid","Link not reproduced on the rebuilt page"
"https://kraftboxpack.com/product/kraft-influencer-boxes/","https://kraftboxpack.com/product/kraft-rectangular-gift-boxes/","Kraft Rectangular Gift Boxes","product-grid","Link not reproduced on the rebuilt page"
"https://kraftboxpack.com/product/kraft-invitation-boxes/","https://kraftboxpack.com/product/kraft-drawer-gift-boxes/","Kraft Drawer Gift Boxes","related-product","Link not reproduced on the rebuilt page"
"https://kraftboxpack.com/product/kraft-jewelry-boxes/","https://kraftboxpack.com/product/kraft-candy-boxes/","Kraft Candy Boxes","product-grid","Link not reproduced on the rebuilt page"
"https://kraftboxpack.com/product/kraft-jewelry-boxes/","https://kraftboxpack.com/product/kraft-display-boxes/","Kraft Display Boxes","product-grid","Link not reproduced on the rebuilt page"
"https://kraftboxpack.com/product/kraft-juice-bottle-carriers/","https://kraftboxpack.com/product/kraft-frozen-food-boxes/","Kraft Frozen Food Boxes","product-grid","Link not reproduced on the rebuilt page"
"https://kraftboxpack.com/product/kraft-lid-base-rigid-boxes/","https://kraftboxpack.com/product/kraft-gift-card-boxes/","Kraft Gift Card Boxes","related-product","Link not reproduced on the rebuilt page"
"https://kraftboxpack.com/product/kraft-lid-base-rigid-boxes/","https://kraftboxpack.com/product/kraft-influencer-boxes/","Kraft Influencer Boxes","product-grid","Link not reproduced on the rebuilt page"
"https://kraftboxpack.com/product/kraft-lid-base-rigid-boxes/","https://kraftboxpack.com/product/kraft-candy-favor-boxes/","Kraft Candy Favor Boxes","product-grid","Link not reproduced on the rebuilt page"
"https://kraftboxpack.com/product/kraft-lip-balm-packaging-boxes/","https://kraftboxpack.com/product/Kraft-Soap-Sleeve-Boxes/","Kraft Soap Sleeve Boxes","contextual","Destination does not exist (404 on the old site too)"
"https://kraftboxpack.com/product/kraft-liquor-gift-boxes/","https://kraftboxpack.com/product/kraft-giveaway-packaging-boxes/","Kraft Giveaway Packaging Boxes","related-product","Link not reproduced on the rebuilt page"
"https://kraftboxpack.com/product/kraft-liquor-gift-boxes/","https://kraftboxpack.com/product/kraft-subscription-boxes/","Kraft Subscription Boxes","product-grid","Link not reproduced on the rebuilt page"
"https://kraftboxpack.com/product/kraft-luxury-magnet-boxes/","https://kraftboxpack.com/product/kraft-drawer-gift-boxes/","Kraft Drawer Gift Boxes","related-product","Link not reproduced on the rebuilt page"
"https://kraftboxpack.com/product/kraft-macaron-packaging-boxes/","https://kraftboxpack.com/product/kraft-tea-packaging-boxes/","Kraft Tea Packaging Boxes","related-product","Link not reproduced on the rebuilt page"
"https://kraftboxpack.com/product/kraft-macaron-packaging-boxes/","https://kraftboxpack.com/product/kraft-chocolate-packaging-boxes/","Kraft Chocolate Packaging Boxes","product-grid","Link not reproduced on the rebuilt page"
"https://kraftboxpack.com/product/kraft-magnetic-closure-boxes/","https://kraftboxpack.com/product/kraft-Rigid-boxes/","Kraft Rigid Boxes","contextual","Destination does not exist (404 on the old site too)"
"https://kraftboxpack.com/product/kraft-mailer-boxes/","https://kraftboxpack.com/product/kraft-favor-boxes/","Kraft Favor Boxes","related-product","Link not reproduced on the rebuilt page"
"https://kraftboxpack.com/product/kraft-mailer-boxes/","https://kraftboxpack.com/product/kraft-cardboard-boxes/","Kraft Cardboard Boxes","product-grid","Link not reproduced on the rebuilt page"
"https://kraftboxpack.com/product/kraft-mailer-boxes/","https://kraftboxpack.com/product/kraft-drawer-boxes/","Kraft Drawer Boxes","product-grid","Link not reproduced on the rebuilt page"
"https://kraftboxpack.com/product/kraft-makeup-palette-boxes/","https://kraftboxpack.com/product/Kraft-Eyelash-Packaging-Boxes/","Kraft Eyelash Packaging Boxes","contextual","Destination does not exist (404 on the old site too)"
"https://kraftboxpack.com/product/kraft-marketing-kit-boxes/","https://kraftboxpack.com/product/kraft-drawer-gift-boxes/","Kraft Drawer Gift Boxes","related-product","Link not reproduced on the rebuilt page"
"https://kraftboxpack.com/product/kraft-marketing-kit-boxes/","https://kraftboxpack.com/product/kraft-gift-hamper-boxes/","Kraft Gift Hamper Boxes","product-grid","Link not reproduced on the rebuilt page"
"https://kraftboxpack.com/product/kraft-marketing-kit-boxes/","https://kraftboxpack.com/product/kraft-giveaway-packaging-boxes/","Kraft Giveaway Packaging Boxes","product-grid","Link not reproduced on the rebuilt page"
"https://kraftboxpack.com/product/kraft-mascara-boxes/","https://kraftboxpack.com/product/Kraft-Lip-Balm-Packaging-Boxes/","Kraft Lip Balm Packaging Boxes","contextual","Destination does not exist (404 on the old site too)"
"https://kraftboxpack.com/product/kraft-meat-packaging-boxes/","https://kraftboxpack.com/product/kraft-chocolate-packaging-boxes/","Kraft Chocolate Packaging Boxes","related-product","Link not reproduced on the rebuilt page"
"https://kraftboxpack.com/product/kraft-meat-packaging-boxes/","https://kraftboxpack.com/product/kraft-brownie-packaging-boxes/","Kraft Brownie Packaging Boxes","product-grid","Link not reproduced on the rebuilt page"
"https://kraftboxpack.com/product/kraft-milk-bottle-carriers/","https://kraftboxpack.com/product/kraft-brownie-packaging-boxes/","Kraft Brownie Packaging Boxes","product-grid","Link not reproduced on the rebuilt page"
"https://kraftboxpack.com/product/kraft-muffin-packaging-boxes/","https://kraftboxpack.com/product/kraft-egg-cartons/","Kraft Egg Cartons","related-product","Link not reproduced on the rebuilt page"
"https://kraftboxpack.com/product/kraft-muffin-packaging-boxes/","https://kraftboxpack.com/product/kraft-brownie-packaging-boxes/","Kraft Brownie Packaging Boxes","product-grid","Link not reproduced on the rebuilt page"
"https://kraftboxpack.com/product/kraft-necklace-box/","https://kraftboxpack.com/product/kraft-jewelry-boxes/","Kraft Jewelry Boxes","product-grid","Link not reproduced on the rebuilt page"
"https://kraftboxpack.com/product/kraft-necklace-box/","https://kraftboxpack.com/product/kraft-display-boxes/","Kraft Display Boxes","product-grid","Link not reproduced on the rebuilt page"
"https://kraftboxpack.com/product/kraft-noodle-packaging-boxes/","https://kraftboxpack.com/product/kraft-granola-bar-boxes/","Kraft Granola Bar Boxes","related-product","Link not reproduced on the rebuilt page"
"https://kraftboxpack.com/product/kraft-paper-treat-bags/","https://kraftboxpack.com/product/kraft-corrugated-boxes/","Kraft Corrugated Boxes","related-product","Link not reproduced on the rebuilt page"
"https://kraftboxpack.com/product/kraft-paper-treat-bags/","https://kraftboxpack.com/product/kraft-cake-boxes/","Kraft Cake Boxes","product-grid","Link not reproduced on the rebuilt page"
"https://kraftboxpack.com/product/kraft-paperboard-boxes/","https://kraftboxpack.com/product/kraft-corrugated-boxes/","Kraft Corrugated Boxes","related-product","Link not reproduced on the rebuilt page"
"https://kraftboxpack.com/product/kraft-paperboard-boxes/","https://kraftboxpack.com/product/kraft-cardboard-boxes/","Kraft Cardboard Boxes","product-grid","Link not reproduced on the rebuilt page"
"https://kraftboxpack.com/product/kraft-pastry-boxes/","https://kraftboxpack.com/product/kraft-granola-bar-boxes/","Kraft Granola Bar Boxes","related-product","Link not reproduced on the rebuilt page"
"https://kraftboxpack.com/product/kraft-pastry-boxes/","https://kraftboxpack.com/product/kraft-macaron-packaging-boxes/","Kraft Macaron Packaging Boxes","product-grid","Link not reproduced on the rebuilt page"
"https://kraftboxpack.com/product/kraft-pastry-boxes/","https://kraftboxpack.com/product/kraft-noodle-packaging-boxes/","Kraft Noodle Packaging Boxes","product-grid","Link not reproduced on the rebuilt page"
"https://kraftboxpack.com/product/kraft-photo-frame-boxes/","https://kraftboxpack.com/product/kraft-diy-kit-boxes/","Kraft DIY Kit Boxes","contextual","Destination does not exist (404 on the old site too)"
"https://kraftboxpack.com/product/kraft-pillow-boxes/","https://kraftboxpack.com/product/kraft-gift-boxes-with-lids/","Kraft Gift Boxes With Lids","related-product","Link not reproduced on the rebuilt page"
"https://kraftboxpack.com/product/kraft-pillow-boxes/","https://kraftboxpack.com/product/kraft-necklace-box/","Kraft Necklace Box","product-grid","Link not reproduced on the rebuilt page"
"https://kraftboxpack.com/product/kraft-pillow-gift-boxes/","https://kraftboxpack.com/product/kraft-luxury-magnet-boxes/","Kraft Luxury Magnet Boxes","related-product","Link not reproduced on the rebuilt page"
"https://kraftboxpack.com/product/kraft-pizza-boxes/","https://kraftboxpack.com/product/kraft-corrugated-boxes/","Kraft Corrugated Boxes","related-product","Link not reproduced on the rebuilt page"
"https://kraftboxpack.com/product/kraft-pizza-boxes/","https://kraftboxpack.com/product/kraft-food-boxes/","Kraft Food Boxes","product-grid","Link not reproduced on the rebuilt page"
"https://kraftboxpack.com/product/kraft-pizza-boxes/","https://kraftboxpack.com/product/kraft-dispenser-boxes/","Kraft Dispenser Boxes","product-grid","Link not reproduced on the rebuilt page"
"https://kraftboxpack.com/product/kraft-pizza-boxes/","https://kraftboxpack.com/product/kraft-cardboard-boxes/","Kraft Cardboard Boxes","product-grid","Link not reproduced on the rebuilt page"
"https://kraftboxpack.com/product/kraft-pop-display-boxes/","https://kraftboxpack.com/product/kraft-counter-display-stands/","Kraft Counter Display Stands","contextual","Destination does not exist (404 on the old site too)"
"https://kraftboxpack.com/product/kraft-popcorn-packaging-boxes/","https://kraftboxpack.com/product/kraft-pastry-boxes/","Kraft Pastry Boxes","related-product","Link not reproduced on the rebuilt page"
"https://kraftboxpack.com/product/kraft-popcorn-packaging-boxes/","https://kraftboxpack.com/product/kraft-juice-bottle-carriers/","Kraft Juice Bottle Carriers","product-grid","Link not reproduced on the rebuilt page"
"https://kraftboxpack.com/product/kraft-ppe-packaging-boxes/","https://kraftboxpack.com/product/kraft-pill-boxes/","Kraft Pill Boxes","contextual","Destination does not exist (404 on the old site too)"
"https://kraftboxpack.com/product/kraft-pr-packaging-boxes/","https://kraftboxpack.com/product/kraft-Subscription-boxes/","Kraft Subscription Boxes","contextual","Destination does not exist (404 on the old site too)"
"https://kraftboxpack.com/product/kraft-pr-packaging-boxes/","https://kraftboxpack.com/product/kraft-liquor-gift-boxes/","Kraft Liquor Gift Boxes","related-product","Link not reproduced on the rebuilt page"
"https://kraftboxpack.com/product/kraft-pr-packaging-boxes/","https://kraftboxpack.com/product/kraft-luxury-magnet-boxes/","Kraft Luxury Magnet Boxes","product-grid","Link not reproduced on the rebuilt page"
"https://kraftboxpack.com/product/kraft-promotional-boxes/","https://kraftboxpack.com/product/kraft-luxury-magnet-boxes/","Kraft Luxury Magnet Boxes","related-product","Link not reproduced on the rebuilt page"
"https://kraftboxpack.com/product/kraft-promotional-boxes/","https://kraftboxpack.com/product/kraft-pillow-gift-boxes/","Kraft Pillow Gift Boxes","product-grid","Link not reproduced on the rebuilt page"
"https://kraftboxpack.com/product/kraft-rectangular-gift-boxes/","https://kraftboxpack.com/product/kraft-lid-base-rigid-boxes/","Kraft Lid & Base Rigid Boxes","related-product","Link not reproduced on the rebuilt page"
"https://kraftboxpack.com/product/kraft-rectangular-gift-boxes/","https://kraftboxpack.com/product/kraft-flower-boxes/","Kraft Flower Boxes","product-grid","Link not reproduced on the rebuilt page"
"https://kraftboxpack.com/product/kraft-rectangular-gift-boxes/","https://kraftboxpack.com/product/kraft-promotional-boxes/","Kraft Promotional Boxes","product-grid","Link not reproduced on the rebuilt page"
"https://kraftboxpack.com/product/kraft-ribbon-closure-boxes/","https://kraftboxpack.com/product/kraft-invitation-boxes/","Kraft Invitation Boxes","product-grid","Link not reproduced on the rebuilt page"
"https://kraftboxpack.com/product/kraft-ribbon-closure-boxes/","https://kraftboxpack.com/product/kraft-promotional-boxes/","Kraft Promotional Boxes","product-grid","Link not reproduced on the rebuilt page"
"https://kraftboxpack.com/product/kraft-round-boxes/","https://kraftboxpack.com/product/kraft-paper-gift-boxes/","Kraft Paper Gift Boxes","product-grid","Link not reproduced on the rebuilt page"
"https://kraftboxpack.com/product/kraft-round-boxes/","https://kraftboxpack.com/product/kraft-pillow-boxes/","Kraft Pillow Boxes","product-grid","Link not reproduced on the rebuilt page"
"https://kraftboxpack.com/product/kraft-round-gift-containers/","https://kraftboxpack.com/product/kraft-lid-base-rigid-boxes/","Kraft Lid & Base Rigid Boxes","related-product","Link not reproduced on the rebuilt page"
"https://kraftboxpack.com/product/kraft-round-gift-containers/","https://kraftboxpack.com/product/kraft-flower-boxes/","Kraft Flower Boxes","product-grid","Link not reproduced on the rebuilt page"
"https://kraftboxpack.com/product/kraft-salad-boxes/","https://kraftboxpack.com/product/kraft-fruit-packaging-boxes/","Kraft Fruit Packaging Boxes","related-product","Link not reproduced on the rebuilt page"
"https://kraftboxpack.com/product/kraft-salad-boxes/","https://kraftboxpack.com/product/kraft-pastry-boxes/","Kraft Pastry Boxes","product-grid","Link not reproduced on the rebuilt page"
"https://kraftboxpack.com/product/kraft-sandwich-wedge-boxes/","https://kraftboxpack.com/product/kraft-egg-cartons/","Kraft Egg Cartons","related-product","Link not reproduced on the rebuilt page"
"https://kraftboxpack.com/product/kraft-sandwich-wedge-boxes/","https://kraftboxpack.com/product/kraft-granola-bar-boxes/","Kraft Granola Bar Boxes","product-grid","Link not reproduced on the rebuilt page"
"https://kraftboxpack.com/product/kraft-scarf-boxes/","https://kraftboxpack.com/product/kraft-clothing-packaging-boxes/","Kraft Clothing Packaging Boxes","contextual","Destination does not exist (404 on the old site too)"
"https://kraftboxpack.com/product/kraft-seafood-boxes/","https://kraftboxpack.com/product/kraft-egg-cartons/","Kraft Egg Cartons","product-grid","Link not reproduced on the rebuilt page"
"https://kraftboxpack.com/product/kraft-shelf-ready-packaging/","https://kraftboxpack.com/product/kraft-counter-display-stands/","Kraft Counter Display Stands","contextual","Destination does not exist (404 on the old site too)"
"https://kraftboxpack.com/product/kraft-shipping-boxes/","https://kraftboxpack.com/product/kraft-favor-boxes/","Kraft Favor Boxes","product-grid","Link not reproduced on the rebuilt page"
"https://kraftboxpack.com/product/kraft-shoe-boxes/","https://kraftboxpack.com/product/kraft-corrugated-boxes/","Kraft Corrugated Boxes","related-product","Link not reproduced on the rebuilt page"
"https://kraftboxpack.com/product/kraft-shoe-boxes/","https://kraftboxpack.com/product/kraft-paperboard-boxes/","Kraft Paperboard Boxes","product-grid","Link not reproduced on the rebuilt page"
"https://kraftboxpack.com/product/kraft-shoulder-boxes/","https://kraftboxpack.com/product/kraft-lid-base-rigid-boxes/","Kraft Lid & Base Rigid Boxes","related-product","Link not reproduced on the rebuilt page"
"https://kraftboxpack.com/product/kraft-shoulder-boxes/","https://kraftboxpack.com/product/kraft-pillow-gift-boxes/","Kraft Pillow Gift Boxes","product-grid","Link not reproduced on the rebuilt page"
"https://kraftboxpack.com/product/kraft-shoulder-boxes/","https://kraftboxpack.com/product/kraft-rectangular-gift-boxes/","Kraft Rectangular Gift Boxes","product-grid","Link not reproduced on the rebuilt page"
"https://kraftboxpack.com/product/kraft-shoulder-boxes/","https://kraftboxpack.com/product/kraft-invitation-boxes/","Kraft Invitation Boxes","product-grid","Link not reproduced on the rebuilt page"
"https://kraftboxpack.com/product/kraft-skincare-boxes/","https://kraftboxpack.com/product/Kraft-Perfume-Boxes/","Kraft Perfume Boxes","contextual","Destination does not exist (404 on the old site too)"
"https://kraftboxpack.com/product/kraft-snack-packaging-boxes/","https://kraftboxpack.com/product/kraft-macaron-packaging-boxes/","Kraft Macaron Packaging Boxes","product-grid","Link not reproduced on the rebuilt page"
"https://kraftboxpack.com/product/kraft-snack-packaging-boxes/","https://kraftboxpack.com/product/kraft-seafood-boxes/","Kraft Seafood Boxes","product-grid","Link not reproduced on the rebuilt page"
"https://kraftboxpack.com/product/kraft-snack-packaging-boxes/","https://kraftboxpack.com/product/kraft-juice-bottle-carriers/","Kraft Juice Bottle Carriers","product-grid","Link not reproduced on the rebuilt page"
"https://kraftboxpack.com/product/kraft-soap-sleeve-boxes/","https://kraftboxpack.com/product/Kraft-Diffuser-Boxes/","Kraft Diffuser Boxes","contextual","Destination does not exist (404 on the old site too)"
"https://kraftboxpack.com/product/kraft-square-gift-boxes/","https://kraftboxpack.com/product/kraft-influencer-boxes/","Kraft Influencer Boxes","product-grid","Link not reproduced on the rebuilt page"
"https://kraftboxpack.com/product/kraft-square-gift-boxes/","https://kraftboxpack.com/product/kraft-rectangular-gift-boxes/","Kraft Rectangular Gift Boxes","product-grid","Link not reproduced on the rebuilt page"
"https://kraftboxpack.com/product/kraft-square-gift-boxes/","https://kraftboxpack.com/product/kraft-promotional-boxes/","Kraft Promotional Boxes","product-grid","Link not reproduced on the rebuilt page"
"https://kraftboxpack.com/product/kraft-storage-boxes/","https://kraftboxpack.com/product/kraft-food-boxes/","Kraft Food Boxes","related-product","Link not reproduced on the rebuilt page"
"https://kraftboxpack.com/product/kraft-storage-boxes/","https://kraftboxpack.com/product/kraft-shoe-boxes/","Kraft Shoe Boxes","product-grid","Link not reproduced on the rebuilt page"
"https://kraftboxpack.com/product/kraft-storage-boxes/","https://kraftboxpack.com/product/kraft-paperboard-boxes/","Kraft Paperboard Boxes","product-grid","Link not reproduced on the rebuilt page"
"https://kraftboxpack.com/product/kraft-subscription-boxes/","https://kraftboxpack.com/product/kraft-liquor-gift-boxes/","Kraft Liquor Gift Boxes","related-product","Link not reproduced on the rebuilt page"
"https://kraftboxpack.com/product/kraft-subscription-boxes/","https://kraftboxpack.com/product/kraft-ribbon-closure-boxes/","Kraft Ribbon Closure Boxes","product-grid","Link not reproduced on the rebuilt page"
"https://kraftboxpack.com/product/kraft-subscription-boxes/","https://kraftboxpack.com/product/kraft-rectangular-gift-boxes/","Kraft Rectangular Gift Boxes","product-grid","Link not reproduced on the rebuilt page"
"https://kraftboxpack.com/product/kraft-subscription-boxes/","https://kraftboxpack.com/product/kraft-promotional-boxes/","Kraft Promotional Boxes","product-grid","Link not reproduced on the rebuilt page"
"https://kraftboxpack.com/product/kraft-sushi-packaging-boxes/","https://kraftboxpack.com/product/kraft-meat-packaging-boxes/","Kraft Meat Packaging Boxes","product-grid","Link not reproduced on the rebuilt page"
"https://kraftboxpack.com/product/kraft-sushi-packaging-boxes/","https://kraftboxpack.com/product/kraft-seafood-boxes/","Kraft Seafood Boxes","product-grid","Link not reproduced on the rebuilt page"
"https://kraftboxpack.com/product/kraft-take-out-boxes/","https://kraftboxpack.com/product/kraft-gable-boxes/","Kraft Gable Boxes","product-grid","Link not reproduced on the rebuilt page"
"https://kraftboxpack.com/product/kraft-take-out-boxes/","https://kraftboxpack.com/product/kraft-food-boxes/","Kraft Food Boxes","product-grid","Link not reproduced on the rebuilt page"
"https://kraftboxpack.com/product/kraft-tea-packaging-boxes/","https://kraftboxpack.com/product/kraft-granola-bar-boxes/","Kraft Granola Bar Boxes","product-grid","Link not reproduced on the rebuilt page"
"https://kraftboxpack.com/product/kraft-tea-packaging-boxes/","https://kraftboxpack.com/product/kraft-seafood-boxes/","Kraft Seafood Boxes","product-grid","Link not reproduced on the rebuilt page"
"https://kraftboxpack.com/product/kraft-treat-boxes/","https://kraftboxpack.com/product/kraft-gable-boxes/","Kraft Gable Boxes","related-product","Link not reproduced on the rebuilt page"
"https://kraftboxpack.com/product/kraft-treat-boxes/","https://kraftboxpack.com/product/kraft-storage-boxes/","Kraft Storage Boxes","product-grid","Link not reproduced on the rebuilt page"
"https://kraftboxpack.com/product/kraft-treat-boxes/","https://kraftboxpack.com/product/kraft-favor-boxes/","Kraft Favor Boxes","product-grid","Link not reproduced on the rebuilt page"
"https://kraftboxpack.com/product/kraft-vegetable-packaging-boxes/","https://kraftboxpack.com/product/kraft-snack-packaging-boxes/","Kraft Snack Packaging Boxes","product-grid","Link not reproduced on the rebuilt page"
"https://kraftboxpack.com/product/kraft-vegetable-packaging-boxes/","https://kraftboxpack.com/product/kraft-macaron-packaging-boxes/","Kraft Macaron Packaging Boxes","product-grid","Link not reproduced on the rebuilt page"
"https://kraftboxpack.com/product/kraft-vegetable-packaging-boxes/","https://kraftboxpack.com/product/kraft-sandwich-wedge-boxes/","Kraft Sandwich Wedge Boxes","product-grid","Link not reproduced on the rebuilt page"
"https://kraftboxpack.com/product/kraft-wax-melt-boxes/","https://kraftboxpack.com/product/Kraft-Candle-Sleeve-Boxes/","Kraft Candle Sleeve Boxes","contextual","Destination does not exist (404 on the old site too)"
"https://kraftboxpack.com/product/large-kraft-gift-boxes/","https://kraftboxpack.com/product/kraft-pillow-boxes/","Kraft Pillow Boxes","product-grid","Link not reproduced on the rebuilt page"
"https://kraftboxpack.com/product/mini-kraft-boxes/","https://kraftboxpack.com/product/kraft-necklace-box/","Kraft Necklace Box","product-grid","Link not reproduced on the rebuilt page"
"https://kraftboxpack.com/product/small-kraft-boxes/","https://kraftboxpack.com/product/large-kraft-gift-boxes/","Large Kraft Gift Boxes","product-grid","Link not reproduced on the rebuilt page"
"https://kraftboxpack.com/product/small-kraft-boxes/","https://kraftboxpack.com/product/mini-kraft-boxes/","Mini Kraft Boxes","product-grid","Link not reproduced on the rebuilt page"
"https://kraftboxpack.com/product/small-kraft-boxes/","https://kraftboxpack.com/product/kraft-round-boxes/","Kraft Round Boxes","product-grid","Link not reproduced on the rebuilt page"
"https://kraftboxpack.com/products/","https://kraftboxpack.com/product/red-burger-boxes/","Order Now","navigation","Destination does not exist (404 on the old site too)"
"https://kraftboxpack.com/products/","https://kraftboxpack.com/product/corrugated-burger-boxes/","Order Now","navigation","Destination does not exist (404 on the old site too)"
"https://kraftboxpack.com/products/","https://kraftboxpack.com/product/tall-burger-boxes/","Order Now","navigation","Destination does not exist (404 on the old site too)"
"https://kraftboxpack.com/products/","https://kraftboxpack.com/product/styrofoam-burger-boxes/","Order Now","navigation","Destination does not exist (404 on the old site too)"
"https://kraftboxpack.com/products/","https://kraftboxpack.com/product/brown-burger-boxes/","Order Now","navigation","Destination does not exist (404 on the old site too)"
"https://kraftboxpack.com/products/","https://kraftboxpack.com/product/burger-parcel-boxes/","Order Now","navigation","Destination does not exist (404 on the old site too)"
"https://kraftboxpack.com/products/","https://kraftboxpack.com/product/double-burger-boxes/","Order Now","navigation","Destination does not exist (404 on the old site too)"
"https://kraftboxpack.com/products/","https://kraftboxpack.com/product/white-burger-boxes/","Order Now","navigation","Destination does not exist (404 on the old site too)"
"https://kraftboxpack.com/products/","https://kraftboxpack.com/product/polystyrene-burger-boxes/","Order Now","navigation","Destination does not exist (404 on the old site too)"
"https://kraftboxpack.com/products/","https://kraftboxpack.com/product/cheap-burger-boxes/","Order Now","navigation","Destination does not exist (404 on the old site too)"
"https://kraftboxpack.com/products/","https://kraftboxpack.com/product/printed-burger-boxes/","Order Now","navigation","Destination does not exist (404 on the old site too)"
"https://kraftboxpack.com/products/","https://kraftboxpack.com/product/burger-and-chip-boxes/","Order Now","navigation","Destination does not exist (404 on the old site too)"
"https://kraftboxpack.com/products/","https://kraftboxpack.com/product/disposable-burger-boxes/","Order Now","navigation","Destination does not exist (404 on the old site too)"
"https://kraftboxpack.com/products/","https://kraftboxpack.com/product/large-burger-boxes/","Order Now","navigation","Destination does not exist (404 on the old site too)"
"https://kraftboxpack.com/products/","https://kraftboxpack.com/product/premium-burger-boxes/","Order Now","navigation","Destination does not exist (404 on the old site too)"
"https://kraftboxpack.com/products/","https://kraftboxpack.com/product/branded-burger-boxes/","Order Now","navigation","Destination does not exist (404 on the old site too)"
"https://kraftboxpack.com/products/","https://kraftboxpack.com/product/paper-burger-boxes/","Order Now","navigation","Destination does not exist (404 on the old site too)"
"https://kraftboxpack.com/products/","https://kraftboxpack.com/product/slider-burger-boxes/","Order Now","navigation","Destination does not exist (404 on the old site too)"
"https://kraftboxpack.com/products/","https://kraftboxpack.com/product/pink-burger-boxes/","Order Now","navigation","Destination does not exist (404 on the old site too)"
"https://kraftboxpack.com/products/","https://kraftboxpack.com/product/burger-patty-boxes/","Order Now","navigation","Destination does not exist (404 on the old site too)"
"https://kraftboxpack.com/products/","https://kraftboxpack.com/product/frozen-burger-boxes/","Order Now","navigation","Destination does not exist (404 on the old site too)"
"https://kraftboxpack.com/products/","https://kraftboxpack.com/product/bagasse-burger-boxes/","Order Now","navigation","Destination does not exist (404 on the old site too)"
"https://kraftboxpack.com/products/","https://kraftboxpack.com/product/cardboard-burger-boxes/","Order Now","navigation","Destination does not exist (404 on the old site too)"
"https://kraftboxpack.com/products/","https://kraftboxpack.com/product/takeaway-burger-boxes/","Order Now","navigation","Destination does not exist (404 on the old site too)"
"https://kraftboxpack.com/products/","https://kraftboxpack.com/product/clamshell-burger-boxes/","Order Now","navigation","Destination does not exist (404 on the old site too)"
"https://kraftboxpack.com/products/","https://kraftboxpack.com/product/personalised-burger-boxes/","Order Now","navigation","Destination does not exist (404 on the old site too)"
"https://kraftboxpack.com/products/","https://kraftboxpack.com/product/mini-burger-boxes/","Order Now","navigation","Destination does not exist (404 on the old site too)"
"https://kraftboxpack.com/products/","https://kraftboxpack.com/product/black-burger-boxes/","Order Now","navigation","Destination does not exist (404 on the old site too)"
"https://kraftboxpack.com/products/","https://kraftboxpack.com/product/kraft-burger-boxes/","Order Now","navigation","Destination does not exist (404 on the old site too)"
"https://kraftboxpack.com/products/","https://kraftboxpack.com/products/page/2/","Next","navigation","Destination does not exist (404 on the old site too)"
"https://kraftboxpack.com/products/","https://kraftboxpack.com/products/page/3/","3","navigation","Destination does not exist (404 on the old site too)"
"https://kraftboxpack.com/products/","https://kraftboxpack.com/products/page/4/","4","navigation","Destination does not exist (404 on the old site too)"
"https://kraftboxpack.com/products/","https://kraftboxpack.com/products/page/8/","8","navigation","Destination does not exist (404 on the old site too)"
"https://kraftboxpack.com/products/","https://kraftboxpack.com/products/page/9/","9","navigation","Destination does not exist (404 on the old site too)"
"https://kraftboxpack.com/products/","https://kraftboxpack.com/products/page/10/","10","navigation","Destination does not exist (404 on the old site too)"
