url,status,type,title,meta_description,canonical,robots,h1,h2_count,h3_count,word_count,image_count,schema_types,internal_links_out
https://kraftboxpack.com/,200,home,"Kraft Box Pack | Custom Kraft Boxes & Packaging, Wholesale","Eco-friendly Kraft boxes at KraftBoxPack. Durable, sustainable packaging solutions that protect your products and care for the environment.",https://kraftboxpack.com/,,Eco-Friendly Kraft Boxes for Every Packaging Need,100,12,2400,98,Organization,261
https://kraftboxpack.com/about-us/,200,page,About Us - Kraft Box Pack,,https://kraftboxpack.com/about-us/,,About Us,5,2,387,7,,25
https://kraftboxpack.com/cart/,200,page,Cart - Kraft Box Pack,,https://kraftboxpack.com/cart/,,Cart,5,0,149,11,,34
https://kraftboxpack.com/checkout/,200,page,Cart - Kraft Box Pack,,https://kraftboxpack.com/cart/,,Cart,5,0,149,11,,34
https://kraftboxpack.com/contact-us/,200,page,Contact Us - Kraft Box Pack,,https://kraftboxpack.com/contact-us/,,,5,1,268,7,,25
https://kraftboxpack.com/my-account/,200,page,My account - Kraft Box Pack,,https://kraftboxpack.com/my-account/,,My account,3,0,128,7,,27
https://kraftboxpack.com/privacy-policy/,200,page,Privacy Policy - Kraft Box Pack,,https://kraftboxpack.com/privacy-policy/,,Privacy Policy,5,1,691,7,,25
https://kraftboxpack.com/product-category/colored-kraft-boxes/,200,category,Colored Kraft Boxes Archives - Kraft Box Pack,,https://kraftboxpack.com/product-category/colored-kraft-boxes/,,Colored Kraft Boxes,8,0,173,13,AggregateRating | Brand | ImageObject | ItemList | ListItem | Offer | Person | Product | Rating | Review,36
https://kraftboxpack.com/product-category/jewelry-accessories-boxes/,200,category,Jewelry & Accessories Boxes Archives - Kraft Box Pack,,https://kraftboxpack.com/product-category/jewelry-accessories-boxes/,,Jewelry & Accessories Boxes,7,0,177,12,AggregateRating | Brand | ImageObject | ItemList | ListItem | Offer | Person | Product | Rating | Review,34
https://kraftboxpack.com/product-category/kraft-apparel-boxes/,200,category,Kraft Apparel Boxes Archives - Kraft Box Pack,,https://kraftboxpack.com/product-category/kraft-apparel-boxes/,,Kraft Apparel Boxes,8,0,176,13,AggregateRating | Brand | ImageObject | ItemList | ListItem | Offer | Person | Product | Rating | Review,36
https://kraftboxpack.com/product-category/kraft-art-boxes/,200,category,Kraft Art Boxes Archives - Kraft Box Pack,,https://kraftboxpack.com/product-category/kraft-art-boxes/,,Kraft Art Boxes,9,0,180,14,AggregateRating | Brand | ImageObject | ItemList | ListItem | Offer | Person | Product | Rating | Review,38
https://kraftboxpack.com/product-category/kraft-cosmetic-boxes/,200,category,Kraft Cosmetic Boxes Archives - Kraft Box Pack,,https://kraftboxpack.com/product-category/kraft-cosmetic-boxes/,,Kraft Cosmetic Boxes,4,0,148,9,AggregateRating | Brand | ImageObject | ItemList | ListItem | Offer | Person | Product | Rating | Review,28
https://kraftboxpack.com/product-category/kraft-display-packaging/,200,category,Kraft Display Packaging Archives - Kraft Box Pack,,https://kraftboxpack.com/product-category/kraft-display-packaging/,,Kraft Display Packaging,6,0,163,11,AggregateRating | Brand | ImageObject | ItemList | ListItem | Offer | Person | Product | Rating | Review,32
https://kraftboxpack.com/product-category/kraft-electronics-boxes/,200,category,Kraft Electronics Boxes Archives - Kraft Box Pack,,https://kraftboxpack.com/product-category/kraft-electronics-boxes/,,Kraft Electronics Boxes,8,0,175,13,AggregateRating | Brand | ImageObject | ItemList | ListItem | Offer | Person | Product | Rating | Review,36
https://kraftboxpack.com/product-category/kraft-food-packaging/,200,category,Kraft Food Packaging Archives - Kraft Box Pack,,https://kraftboxpack.com/product-category/kraft-food-packaging/,,Kraft Food Packaging,18,0,249,23,AggregateRating | Brand | ImageObject | ItemList | ListItem | Offer | Person | Product | Rating | Review,58
https://kraftboxpack.com/product-category/kraft-gift-specialty-boxes/,200,category,Kraft Gift & Specialty Boxes Archives - Kraft Box Pack,,https://kraftboxpack.com/product-category/kraft-gift-specialty-boxes/,,Kraft Gift & Specialty Boxes,18,0,264,23,AggregateRating | Brand | ImageObject | ItemList | ListItem | Offer | Person | Product | Rating | Review,59
https://kraftboxpack.com/product-category/kraft-gift-specialty-boxes/custom-gift-boxes/,200,category,Custom Gift Boxes Archives - Kraft Box Pack,,https://kraftboxpack.com/product-category/kraft-gift-specialty-boxes/custom-gift-boxes/,,Custom Gift Boxes,18,0,250,23,AggregateRating | Brand | ImageObject | ItemList | ListItem | Offer | Person | Product | Rating | Review,58
https://kraftboxpack.com/product-category/kraft-industrial-packaging/,200,category,Kraft Industrial Packaging Archives - Kraft Box Pack,,https://kraftboxpack.com/product-category/kraft-industrial-packaging/,,Kraft Industrial Packaging,9,0,186,14,AggregateRating | Brand | ImageObject | ItemList | ListItem | Offer | Person | Product | Rating | Review,38
https://kraftboxpack.com/product-category/kraft-luxury-packaging/,200,category,Kraft Luxury Packaging Archives - Kraft Box Pack,,https://kraftboxpack.com/product-category/kraft-luxury-packaging/,,Kraft Luxury Packaging,10,0,184,15,AggregateRating | Brand | ImageObject | ItemList | ListItem | Offer | Person | Product | Rating | Review,40
https://kraftboxpack.com/product-category/kraft-packaging-boxes/,200,category,Kraft Packaging Boxes Archives - Kraft Box Pack,,https://kraftboxpack.com/product-category/kraft-packaging-boxes/,,Kraft Packaging Boxes,18,0,240,23,AggregateRating | Brand | ImageObject | ItemList | ListItem | Offer | Person | Product | Rating | Review,58
https://kraftboxpack.com/product-category/kraft-packaging-boxes/karft-cosmetic-boxes/,200,category,Kraft Cosmetic Boxes Archives - Kraft Box Pack,,https://kraftboxpack.com/product-category/kraft-packaging-boxes/karft-cosmetic-boxes/,,Kraft Cosmetic Boxes,11,0,197,16,AggregateRating | Brand | ImageObject | ItemList | ListItem | Offer | Person | Product | Rating | Review,42
https://kraftboxpack.com/product-category/kraft-pharma-boxes/,200,category,Kraft Pharma boxes Archives - Kraft Box Pack,,https://kraftboxpack.com/product-category/kraft-pharma-boxes/,,Kraft Pharma boxes,8,0,177,13,AggregateRating | Brand | ImageObject | ItemList | ListItem | Offer | Person | Product | Rating | Review,36
https://kraftboxpack.com/product-category/kraft-toy-packaging/,200,category,Kraft Toy Packaging Archives - Kraft Box Pack,,https://kraftboxpack.com/product-category/kraft-toy-packaging/,,Kraft Toy Packaging,6,0,164,11,AggregateRating | Brand | ImageObject | ItemList | ListItem | Offer | Person | Product | Rating | Review,32
https://kraftboxpack.com/product-category/kraft-wrapping-accessories/,200,category,Kraft Wrapping & Accessories Archives - Kraft Box Pack,,https://kraftboxpack.com/product-category/kraft-wrapping-accessories/,,Kraft Wrapping & Accessories,7,0,175,12,AggregateRating | Brand | ImageObject | ItemList | ListItem | Offer | Person | Product | Rating | Review,34
https://kraftboxpack.com/product/black-kraft-boxes/,200,product,Order Black Kraft Boxes And Packaging,"High-quality, customizable packaging for your products. Wholesale pricing, fast turnaround .Order now and enjoy free design and shipping.",https://kraftboxpack.com/product/black-kraft-boxes/,,Black Kraft Boxes,17,26,1708,27,AggregateRating | Brand | ImageObject | Offer | Person | Product | Rating | Review,41
https://kraftboxpack.com/product/brown-kraft-boxes/,200,product,"Shop Brown Kraft Boxes , Wholesale Price",Our brown kraft boxes offer excellent protection and a natural look. Order now with free design and shipping. Wholesale pricing available.,https://kraftboxpack.com/product/brown-kraft-boxes/,,Brown Kraft Boxes,16,24,1733,27,AggregateRating | Brand | ImageObject | Offer | Person | Product | Rating | Review,41
https://kraftboxpack.com/product/colored-kraft-paper/,200,product,Colored Kraft Paper Wholesale | Kraft Box Pack,"Order colored kraft paper wholesale in sheets and rolls with custom sizes and prints. Fast delivery, strong texture, and eco-friendly material choices.",https://kraftboxpack.com/product/colored-kraft-paper/,,Colored Kraft Paper,17,25,2300,27,AggregateRating | Brand | ImageObject | Offer | Person | Product | Rating | Review,41
https://kraftboxpack.com/product/custom-kraft-bags/,200,product,Custom Kraft Bags Wholesale | Kraft Box Pack,"Buy custom kraft bags wholesale. Strong, eco-friendly, logo printed. Free design & shipping, custom sizes, fast turnaround.",https://kraftboxpack.com/product/custom-kraft-bags/,,Custom Kraft Bags,19,29,1868,27,AggregateRating | Brand | ImageObject | Offer | Person | Product | Rating | Review,41
https://kraftboxpack.com/product/kraft-apparel-packaging-boxes/,200,product,Kraft Apparel Packaging Boxes Wholesale | KBP,"Order custom Kraft apparel packaging boxes wholesale from Kraft Box Pack with eco friendly materials, fast turnaround and design support across UK.",https://kraftboxpack.com/product/kraft-apparel-packaging-boxes/,,Kraft Apparel Packaging Boxes,14,19,2813,28,AggregateRating | Brand | ImageObject | Offer | Person | Product | Rating | Review,41
https://kraftboxpack.com/product/kraft-art-supply-packaging/,200,product,Kraft Art Supply Packaging Wholesale | KBP,"Kraft art supply packaging wholesale by KBP with custom sizes, eco-friendly materials, quick turnaround, and printing that keeps your branding clear.",https://kraftboxpack.com/product/kraft-art-supply-packaging/,,Kraft Art Supply Packaging,14,19,2222,28,AggregateRating | Brand | ImageObject | Offer | Person | Product | Rating | Review,41
https://kraftboxpack.com/product/kraft-baby-product-boxes/,200,product,Kraft Baby Product Boxes Wholesale | KBP,"Order kraft baby product boxes wholesale from KBP with secure inserts, custom sizes and fast printing to protect, pack and present baby items.",https://kraftboxpack.com/product/kraft-baby-product-boxes/,,Kraft Baby Product Boxes,13,19,2941,27,AggregateRating | Brand | ImageObject | Offer | Person | Product | Rating | Review,39
https://kraftboxpack.com/product/kraft-badge-packaging-boxes/,200,product,Kraft Badge Packaging Boxes Wholesale | KBP,"Order Kraft badge packaging boxes wholesale from KBP with eco-friendly stock, sharp printing and quick turnaround for events, trade shows and retail.",https://kraftboxpack.com/product/kraft-badge-packaging-boxes/,,Kraft Badge Packaging Boxes,14,19,3037,28,AggregateRating | Brand | ImageObject | Offer | Person | Product | Rating | Review,41
https://kraftboxpack.com/product/kraft-bakery-bags/,200,product,Kraft Bakery Bags Wholesale| Kraft Box Pack,"Eco-friendly Kraft Bakery Bags for cookies, pastries, and bread. Grease-resistant, printable, food-safe, and available in bulk wholesale for bakeries.",https://kraftboxpack.com/product/kraft-bakery-bags/,,Kraft Bakery Bags,18,22,2223,27,AggregateRating | Brand | ImageObject | Offer | Person | Product | Rating | Review,41
https://kraftboxpack.com/product/kraft-bakery-boxes/,200,product,"Order Custom Kraft Bakery Boxes, Packaging","High-quality Kraft Bakery Boxes at wholesale prices. Custom sizes, styles, and coatings. Fast turnaround, free design, and shipping.",https://kraftboxpack.com/product/kraft-bakery-boxes/,,"Custom Kraft Boxes for Bakery Goods \r\n Bakery packaging plays a crucial role in keeping cakes, pastries, cookies, and desserts fresh while offering an attractive display. At gtag(""event"", ""view_item"", { send_to: ""GLA"", ecomm_pagetype: ""product"", value: 0.300000, items:[{ id: ""gla_2618"", price: 0.300000, google_business_vertical: ""retail"", name: ""Kraft Bakery Boxes"", category: ""Kraft Packaging Boxes"", }]}); Kraft Bakery Boxes",16,19,1593,27,AggregateRating | Brand | ImageObject | Offer | Person | Product | Rating | Review,41
https://kraftboxpack.com/product/kraft-beard-oil-boxes/,200,product,Kraft Beard Oil Boxes Wholesale | KBP,"Kraft beard oil boxes wholesale by KBP with custom sizes, eco-friendly materials, sharp printing and fast turnaround to support your grooming brand.",https://kraftboxpack.com/product/kraft-beard-oil-boxes/,,Kraft Beard Oil Boxes,17,16,2717,28,AggregateRating | Brand | ImageObject | Offer | Person | Product | Rating | Review,42
https://kraftboxpack.com/product/kraft-beauty-kit-boxes/,200,product,Kraft Beauty Kit Boxes Wholesale | KBP,"Order Kraft Beauty Kit Boxes wholesale at KBP with custom sizes, printed branding, eco board options and fast turnaround for makeup, skincare and gift sets.",https://kraftboxpack.com/product/kraft-beauty-kit-boxes/,,Kraft Beauty Kit Boxes,14,16,2420,25,AggregateRating | Brand | ImageObject | Offer | Person | Product | Rating | Review,35
https://kraftboxpack.com/product/kraft-belt-packaging-boxes/,200,product,Kraft Belt Packaging Boxes Wholesale | KBP,"Order custom Kraft belt packaging boxes wholesale from KBP with sturdy eco-friendly board, branded printing, and fast turnaround for retail and gifting.",https://kraftboxpack.com/product/kraft-belt-packaging-boxes/,,Kraft Belt Packaging Boxes,17,16,2882,28,AggregateRating | Brand | ImageObject | Offer | Person | Product | Rating | Review,41
https://kraftboxpack.com/product/kraft-board-game-packaging-boxes/,200,product,Kraft Board Game Packaging Boxes Wholesale | KBP,"Kraft Board Game Packaging Boxes wholesale by KBP with custom sizes, eco-friendly kraft stock, quality printing, design support and fast turnaround.",https://kraftboxpack.com/product/kraft-board-game-packaging-boxes/,,Kraft Board Game Packaging Boxes,13,19,2145,27,AggregateRating | Brand | ImageObject | Offer | Person | Product | Rating | Review,39
https://kraftboxpack.com/product/kraft-bouquet-boxes/,200,product,Kraft Bouquet Boxes Wholesale | KBP,"Kraft bouquet boxes wholesale by KBP with custom sizes, eco-friendly kraft, premium printing, fast turnaround, free design support and bulk pricing.",https://kraftboxpack.com/product/kraft-bouquet-boxes/,,Kraft Bouquet Boxes,14,19,2980,28,AggregateRating | Brand | ImageObject | Offer | Person | Product | Rating | Review,42
https://kraftboxpack.com/product/kraft-box-with-window/,200,product,"Buy Kraft Box with Window , Wholesale Packaging","Kraft Box with Window: High-quality custom packaging with a clear window for product visibility. Fast turnaround, free design, and wholesale pricing.",https://kraftboxpack.com/product/kraft-box-with-window/,,Kraft Box with Window,16,16,1571,27,AggregateRating | Brand | ImageObject | Offer | Person | Product | Rating | Review,41
https://kraftboxpack.com/product/kraft-boxes-for-gifts/,200,product,Kraft Boxes for Gifts Wholesale | Kraft Box Pack,"Buy kraft boxes for gifts wholesale. Natural kraft finish, custom sizes and styles, free design & shipping. Perfect for gift packaging.",https://kraftboxpack.com/product/kraft-boxes-for-gifts/,,Kraft Boxes For Gifts,18,21,2073,27,AggregateRating | Brand | ImageObject | Offer | Person | Product | Rating | Review,41
https://kraftboxpack.com/product/kraft-boxes-with-lid/,200,product,"Get Kraft Boxes With Lid , Wholesale Price",Stylish and functional kraft boxes featuring secure lids. Choose from various sizes and finishes to create a professional and eco-conscious impression.,https://kraftboxpack.com/product/kraft-boxes-with-lid/,,Kraft Boxes With Lid,17,25,1808,27,AggregateRating | Brand | ImageObject | Offer | Person | Product | Rating | Review,41
https://kraftboxpack.com/product/kraft-bracelet-packaging-boxes/,200,product,Kraft Bracelet Packaging Boxes Wholesale | KBP,"Order eco friendly Kraft bracelet packaging boxes wholesale from KBP with custom sizes, branding, sturdy protection, fast turnaround and free design.",https://kraftboxpack.com/product/kraft-bracelet-packaging-boxes/,,Kraft Bracelet Packaging Boxes,14,19,3072,28,AggregateRating | Brand | ImageObject | Offer | Person | Product | Rating | Review,41
https://kraftboxpack.com/product/kraft-brochure-packaging-boxes/,200,product,Kraft Brochure Packaging Boxes Wholesale | KBP,"Order Kraft brochure packaging boxes wholesale from KBP with custom sizes, eco-friendly stock, quick turnaround and quality printing.",https://kraftboxpack.com/product/kraft-brochure-packaging-boxes/,,Kraft Brochure Packaging Boxes,14,19,2104,28,AggregateRating | Brand | ImageObject | Offer | Person | Product | Rating | Review,41
https://kraftboxpack.com/product/kraft-brownie-packaging-boxes/,200,product,Kraft Brownie Packaging Boxes Wholesale | KBP,"Order Kraft brownie packaging boxes wholesale from KBP with custom sizes, food-safe materials and fast turnaround for bakeries, cafés and home bakers.",https://kraftboxpack.com/product/kraft-brownie-packaging-boxes/,,Kraft Brownie Packaging Boxes,14,19,2707,28,AggregateRating | Brand | ImageObject | Offer | Person | Product | Rating | Review,41
https://kraftboxpack.com/product/kraft-bulk-shipping-crates/,200,product,Kraft Bulk Shipping Crates Wholesale | KBP,"Kraft bulk shipping crates wholesale by KBP for secure product transit, custom sizes, strong kraft board, and reliable packaging support for heavy loads.",https://kraftboxpack.com/product/kraft-bulk-shipping-crates/,,Kraft Bulk Shipping Crates,14,19,2618,28,AggregateRating | Brand | ImageObject | Offer | Person | Product | Rating | Review,41
https://kraftboxpack.com/product/kraft-cake-boxes/,200,product,Get Kraft Cake Boxes | Kraft Box Pack,"Kraft Cake Boxes: High-quality, customizable packaging for your delicious cakes. Order now at wholesale prices! Quote Now.",https://kraftboxpack.com/product/kraft-cake-boxes/,,Kraft Cake Boxes,17,27,2550,27,AggregateRating | Brand | ImageObject | Offer | Person | Product | Rating | Review,41
https://kraftboxpack.com/product/kraft-calendar-boxes/,200,product,Kraft Calendar Boxes Wholesale | KBP,"Kraft calendar boxes wholesale by KBP with custom sizes, eco-friendly kraft board, secure inserts and quick printing for retail, mailers and gifts.",https://kraftboxpack.com/product/kraft-calendar-boxes/,,Kraft Calendar Boxes,14,19,2870,28,AggregateRating | Brand | ImageObject | Offer | Person | Product | Rating | Review,41
https://kraftboxpack.com/product/kraft-candle-boxes/,200,product,"Shop Kraft Candle Boxes , Bulk Discount","Kraft Candle Boxes: High-quality, customizable candle packaging at wholesale prices. Fast turnaround, free design, and shipping.",https://kraftboxpack.com/product/kraft-candle-boxes/,,Kraft Candle Boxes,17,26,1790,27,AggregateRating | Brand | ImageObject | Offer | Person | Product | Rating | Review,41
https://kraftboxpack.com/product/kraft-candle-sleeve-boxes/,200,product,Kraft Candle Sleeve Boxes Wholesale | KBP,"Order Kraft candle sleeve boxes wholesale from KBP with custom sizes, eco-friendly stocks, premium printing, and fast turnaround across the UK.",https://kraftboxpack.com/product/kraft-candle-sleeve-boxes/,,Kraft Candle Sleeve Boxes,17,16,2447,28,AggregateRating | Brand | ImageObject | Offer | Person | Product | Rating | Review,42
https://kraftboxpack.com/product/kraft-candy-boxes/,200,product,Buy Custom Kraft Candy Boxes & Packaging,"Kraft Candy Boxes: High-quality, customizable packaging for your sweet treats. Wholesale prices, fast turnaround, and free design.",https://kraftboxpack.com/product/kraft-candy-boxes/,,Kraft Candy Boxes,16,24,1674,27,AggregateRating | Brand | ImageObject | Offer | Person | Product | Rating | Review,41
https://kraftboxpack.com/product/kraft-candy-favor-boxes/,200,product,Kraft Candy Favor Boxes Wholesale |KBP,"Order Kraft Candy Favor Boxes wholesale from KBP with custom sizes, prints, free design support and fast shipping across the UK.",https://kraftboxpack.com/product/kraft-candy-favor-boxes/,,Kraft Candy Favor Boxes,14,19,3016,28,AggregateRating | Brand | ImageObject | Offer | Person | Product | Rating | Review,42
https://kraftboxpack.com/product/kraft-cardboard-boxes/,200,product,Buy Kraft Cardboard Boxes | Kraft Box Pack,"High-quality kraft cardboard boxes for packaging and storage. Durable, eco-friendly, and customizable. Available in various sizes and quantities.",https://kraftboxpack.com/product/kraft-cardboard-boxes/,,Kraft Cardboard Boxes,16,16,1387,27,AggregateRating | Brand | ImageObject | Offer | Person | Product | Rating | Review,41
https://kraftboxpack.com/product/kraft-cd-dvd-packaging/,200,product,Kraft CD/DVD Packaging Whoesale | KBP,Durable kraft CD/DVD packaging at wholesale prices from Kraft Box Pack. Custom printed sleeves and mailers protect discs in storage and shipping.,https://kraftboxpack.com/product/kraft-cd-dvd-packaging/,,Kraft CD/DVD Packaging,14,19,2654,28,AggregateRating | Brand | ImageObject | Offer | Person | Product | Rating | Review,41
https://kraftboxpack.com/product/kraft-certificate-boxes/,200,product,Kraft Certificate Boxes Wholesale | KBP,"Kraft Certificate Boxes Wholesale from KBP with custom sizes, secure inserts and neat printing to protect, store and present important documents and awards.",https://kraftboxpack.com/product/kraft-certificate-boxes/,,Kraft Certificate Boxes,14,19,2285,28,AggregateRating | Brand | ImageObject | Offer | Person | Product | Rating | Review,41
https://kraftboxpack.com/product/kraft-chemical-safe-boxes/,200,product,Kraft Chemical Safe Boxes - Kraft Box Pack,"Order Kraft chemical safe boxes wholesale from Kraft Box Pack. Secure packaging for hazardous items, custom sizes, durable materials, fast UK delivery.",https://kraftboxpack.com/product/kraft-chemical-safe-boxes/,,Kraft Chemical Safe Boxes,14,19,2962,28,AggregateRating | Brand | ImageObject | Offer | Person | Product | Rating | Review,41
https://kraftboxpack.com/product/kraft-chocolate-packaging-boxes/,200,product,Kraft Chocolate Packaging Boxes Wholesale | KBP,"Order kraft chocolate packaging boxes wholesale from KBP with custom sizes, food safe kraft stock, fast turnaround, free design support and shipping.",https://kraftboxpack.com/product/kraft-chocolate-packaging-boxes/,,Kraft Chocolate Packaging Boxes,14,19,3108,28,AggregateRating | Brand | ImageObject | Offer | Person | Product | Rating | Review,41
https://kraftboxpack.com/product/kraft-coffee-packaging-boxes/,200,product,Kraft Coffee Packaging Boxes Wholesale | KBP,"Order custom kraft coffee packaging boxes wholesale from KBP with eco friendly materials, custom sizes, premium printing, fast turnaround and free design.",https://kraftboxpack.com/product/kraft-coffee-packaging-boxes/,,Kraft Coffee Packaging Boxes,16,24,3202,24,AggregateRating | Brand | Offer | Person | Product | Rating | Review,41
https://kraftboxpack.com/product/kraft-cookie-boxes/,200,product,"Get Kraft Cookie Boxes, Wholesale","Wholesale Kraft Cookie Boxes: Get affordable, eco-friendly packaging for your cookies. Customize size, style, and coating options.",https://kraftboxpack.com/product/kraft-cookie-boxes/,,"Custom Kraft Boxes for Bakery Goods \r\n Bakery packaging plays a crucial role in keeping cakes, pastries, cookies, and desserts fresh while offering an attractive display. At gtag(""event"", ""view_item"", { send_to: ""GLA"", ecomm_pagetype: ""product"", value: 0.300000, items:[{ id: ""gla_2623"", price: 0.300000, google_business_vertical: ""retail"", name: ""Kraft Cookie Boxes"", category: ""Kraft Packaging Boxes"", }]}); Kraft Cookie Boxes",16,19,1404,27,AggregateRating | Brand | ImageObject | Offer | Person | Product | Rating | Review,41
https://kraftboxpack.com/product/kraft-corrugated-boxes/,200,product,"Order Kraft Corrugated Boxes ,Wholesale","Strong, durable Kraft corrugated boxes for shipping and storage. Customizable sizes, eco-friendly materials, and affordable prices.",https://kraftboxpack.com/product/kraft-corrugated-boxes/,,Kraft Corrugated Boxes,16,25,2102,27,AggregateRating | Brand | ImageObject | Offer | Person | Product | Rating | Review,41
https://kraftboxpack.com/product/kraft-cupcake-boxes/,200,product,Get Kraft Cupcake Boxes At Wholesale,"Wholesale prices, custom sizes, fast turnaround. Free design and shipping. Enhance your cupcake presentation with our high-quality boxes.",https://kraftboxpack.com/product/kraft-cupcake-boxes/,,Kraft Cupcake Boxes,16,17,1493,27,AggregateRating | Brand | ImageObject | Offer | Person | Product | Rating | Review,41
https://kraftboxpack.com/product/kraft-cylindrical-boxes/,200,product,Kraft Cylindrical Boxes Wholesale | KBP,"Kraft Cylindrical Boxes Wholesale by KBP with custom sizes, eco conscious stock, strong protection, and quick UK delivery for gifts and retail.",https://kraftboxpack.com/product/kraft-cylindrical-boxes/,,Kraft Cylindrical Boxes,14,20,2432,24,AggregateRating | Brand | Offer | Person | Product | Rating | Review,41
https://kraftboxpack.com/product/kraft-dispenser-boxes/,200,product,"Get Kraft Dispenser Boxes, Packaging","Kraft Dispenser Boxes: High-quality, customizable packaging at wholesale prices. Perfect for product displays and branding.",https://kraftboxpack.com/product/kraft-dispenser-boxes/,,Kraft Dispenser Boxes,16,16,1595,27,AggregateRating | Brand | ImageObject | Offer | Person | Product | Rating | Review,41
https://kraftboxpack.com/product/kraft-display-boxes/,200,product,Kraft Display Boxes Wholesale | Kraft Box Pack,"Kraft Display Boxes for retail shelves, gifts, soaps, cupcakes, and jewelry. Lightweight, printable, eco-friendly, and available in bulk wholesale.",https://kraftboxpack.com/product/kraft-display-boxes/,,Kraft Display Boxes,17,21,2250,27,AggregateRating | Brand | ImageObject | Offer | Person | Product | Rating | Review,41
https://kraftboxpack.com/product/kraft-document-mailers/,200,product,Kraft Document Mailers Wholesale | KBP,"Kraft document mailers wholesale from KBP with secure protection, custom sizes, low minimums and fast shipping to keep important documents safe in transit.",https://kraftboxpack.com/product/kraft-document-mailers/,,Kraft Document Mailers,14,18,2797,28,AggregateRating | Brand | ImageObject | Offer | Person | Product | Rating | Review,41
https://kraftboxpack.com/product/kraft-donut-packaging-boxes/,200,product,Kraft Donut Packaging Boxes Wholesale | KBP,"Order kraft donut packaging boxes wholesale from Kraft Box Pack with custom sizes, food-safe printing, low MOQs and fast delivery across the UK.",https://kraftboxpack.com/product/kraft-donut-packaging-boxes/,,Kraft Donut Packaging Boxes,14,19,3086,28,AggregateRating | Brand | ImageObject | Offer | Person | Product | Rating | Review,41
https://kraftboxpack.com/product/kraft-drawer-boxes/,200,product,"Order Kraft Drawer Boxes ,Wholesale","Kraft Drawer Boxes: High-quality, customizable storage solutions at wholesale prices. Fast turnaround, free design, and shipping.",https://kraftboxpack.com/product/kraft-drawer-boxes/,,Kraft Drawer Boxes,16,16,1466,27,AggregateRating | Brand | ImageObject | Offer | Person | Product | Rating | Review,41
https://kraftboxpack.com/product/kraft-drawer-gift-boxes/,200,product,Kraft Drawer Gift Boxes | Wholesale Sliding Tray Boxes,Secure Kraft Drawer Gift Boxes with sliding tray mechanism. Order Kraft drawer gift boxes wholesale and Kraft drawer gift boxes empty stock.,https://kraftboxpack.com/product/kraft-drawer-gift-boxes/,,Kraft Drawer Gift Boxes,14,19,2915,28,AggregateRating | Brand | ImageObject | Offer | Person | Product | Rating | Review,42
https://kraftboxpack.com/product/kraft-earring-packaging-boxes/,200,product,Kraft Earring Packaging Boxes Wholesale | KBP,"Shop Kraft earring packaging boxes wholesale with eco-friendly materials, custom sizes and printing, secure inserts, low MOQs and quick delivery from KBP.",https://kraftboxpack.com/product/kraft-earring-packaging-boxes/,,Kraft Earring Packaging Boxes,14,19,2765,28,AggregateRating | Brand | ImageObject | Offer | Person | Product | Rating | Review,41
https://kraftboxpack.com/product/kraft-eco-friendly-compostable-boxes/,200,product,Kraft Eco-Friendly Compostable Boxes Wholesale | KBP,"Buy kraft eco-friendly compostable boxes wholesale at KBP. Food-safe, plastic-free packs in custom sizes for restaurants, bakeries, and delivery.",https://kraftboxpack.com/product/kraft-eco-friendly-compostable-boxes/,,Kraft Eco Friendly Compostable Boxes,14,19,2667,28,AggregateRating | Brand | ImageObject | Offer | Person | Product | Rating | Review,41
https://kraftboxpack.com/product/kraft-egg-cartons/,200,product,Kraft Egg Cartons Wholesale | KBP,"Order eco friendly kraft egg cartons wholesale from Kraft Box Pack with custom sizes, secure protection and fast turnaround across the UK.",https://kraftboxpack.com/product/kraft-egg-cartons/,,Kraft Egg Cartons,14,19,2893,28,AggregateRating | Brand | ImageObject | Offer | Person | Product | Rating | Review,41
https://kraftboxpack.com/product/kraft-event-favor-boxes/,200,product,Kraft Event Favor Boxes Wholesale | Kraft Box Pack,"Shop durable kraft event favor boxes wholesale at Kraft Box Pack with custom sizes, eco friendly materials, and fast, free design support.",https://kraftboxpack.com/product/kraft-event-favor-boxes/,,Kraft Event Favor Boxes,14,19,2923,28,AggregateRating | Brand | ImageObject | Offer | Person | Product | Rating | Review,42
https://kraftboxpack.com/product/kraft-eyelash-packaging-boxes/,200,product,Kraft Eyelash Packaging Boxes Wholesale | KBP,"Kraft Eyelash Packaging Boxes wholesale by KBP with custom sizes, eco kraft materials, logo printing, quick turnaround and secure delivery.",https://kraftboxpack.com/product/kraft-eyelash-packaging-boxes/,,Kraft Eyelash Packaging Boxes,14,19,3205,28,AggregateRating | Brand | ImageObject | Offer | Person | Product | Rating | Review,42
https://kraftboxpack.com/product/kraft-favor-boxes/,200,product,"Buy Kraft Favor Boxes ,Wholesale Price","Wholesale Kraft Boxes: Bulk Kraft Favor Boxes at affordable prices. Perfect for weddings, parties, and corporate events. Order Now!",https://kraftboxpack.com/product/kraft-favor-boxes/,,Kraft Favor Boxes,16,16,1352,27,AggregateRating | Brand | ImageObject | Offer | Person | Product | Rating | Review,41
https://kraftboxpack.com/product/kraft-first-aid-kit-boxes/,200,product,Kraft First Aid Kit Boxes Wholesale | KBP,"Kraft First Aid Kit Boxes wholesale by KBP with custom sizes, sturdy kraft board, branding options, fast turnaround and free design support.",https://kraftboxpack.com/product/kraft-first-aid-kit-boxes/,,Kraft First Aid Kit Boxes,19,27,3216,28,AggregateRating | Brand | ImageObject | Offer | Person | Product | Rating | Review,41
https://kraftboxpack.com/product/kraft-flip-top-rigid-boxes/,200,product,Kraft Flip Top Rigid Boxes Wholesale | KBP,"Shop Kraft flip top rigid boxes wholesale at KBP. Durable kraft wrap, premium rigid board, custom sizes, finishes, and low MOQs for retail gifting.",https://kraftboxpack.com/product/kraft-flip-top-rigid-boxes/,,Kraft Flip Top Rigid Boxes,14,19,2567,28,AggregateRating | Brand | ImageObject | Offer | Person | Product | Rating | Review,42
https://kraftboxpack.com/product/kraft-flower-boxes/,200,product,Kraft Flower Boxes Wholesale | KBP,"Order custom kraft flower boxes wholesale from KBP with sturdy stocks, custom sizes, premium printing and fast turnaround for secure floral gifting.",https://kraftboxpack.com/product/kraft-flower-boxes/,,Kraft Flower Boxes,14,19,2770,28,AggregateRating | Brand | ImageObject | Offer | Person | Product | Rating | Review,42
https://kraftboxpack.com/product/kraft-food-boxes/,200,product,"Buy Kraft Food Boxes , Wholesale Packaging","Kraft Food Boxes: High-quality food packaging at wholesale prices. Fast turnaround, free design & shipping, custom options.",https://kraftboxpack.com/product/kraft-food-boxes/,,Kraft Food Boxes,16,24,2110,27,AggregateRating | Brand | ImageObject | Offer | Person | Product | Rating | Review,41
https://kraftboxpack.com/product/kraft-frozen-food-boxes/,200,product,Kraft Frozen Food Boxes Wholesale | KBP,"Order Kraft Frozen Food Boxes Wholesale from KBP with custom sizes, branding, sturdy eco friendly materials, design support and quick shipping.",https://kraftboxpack.com/product/kraft-frozen-food-boxes/,,Kraft Frozen Food Boxes,14,19,2850,28,AggregateRating | Brand | ImageObject | Offer | Person | Product | Rating | Review,41
https://kraftboxpack.com/product/kraft-fruit-packaging-boxes/,200,product,Kraft Fruit Packaging Boxes Wholesale | KBP,"Order Kraft fruit packaging boxes wholesale from KBP with sturdy eco-friendly materials, custom sizes, premium printing and fast, reliable delivery.",https://kraftboxpack.com/product/kraft-fruit-packaging-boxes/,,Kraft Fruit Packaging Boxes,14,19,2785,28,AggregateRating | Brand | ImageObject | Offer | Person | Product | Rating | Review,41
https://kraftboxpack.com/product/kraft-gable-boxes/,200,product,"Buy Kraft Gable Boxes And Packaging ,Wholesale","Eco-friendly and stylish packaging solutions for your products. Custom sizes, printing, and finishes available. Quote Today!",https://kraftboxpack.com/product/kraft-gable-boxes/,,Kraft Gable Boxes,16,24,2410,27,AggregateRating | Brand | ImageObject | Offer | Person | Product | Rating | Review,41
https://kraftboxpack.com/product/kraft-gift-boxes-with-lids/,200,product,Shop Kraft Gift Boxes With Lids | Kraft Box Pack,"Wholesale Kraft gift boxes featuring secure lids and high-quality printing. Fast turnaround, free design, and shipping. Order now and enjoy free shipping.",https://kraftboxpack.com/product/kraft-gift-boxes-with-lids/,,Kraft Gift Boxes With Lids,16,16,1572,27,AggregateRating | Brand | ImageObject | Offer | Person | Product | Rating | Review,41
https://kraftboxpack.com/product/kraft-gift-card-boxes/,200,product,Kraft Gift Card Boxes Wholesale | KBP,"Order Kraft gift card boxes wholesale from Kraft Box Pack with custom sizes, eco friendly stock, free design support and quick turnaround.",https://kraftboxpack.com/product/kraft-gift-card-boxes/,,Kraft Gift Card Boxes,14,19,2960,28,AggregateRating | Brand | ImageObject | Offer | Person | Product | Rating | Review,42
https://kraftboxpack.com/product/kraft-gift-hamper-boxes/,200,product,Kraft Gift Hamper Boxes Wholesale | KBP,"Kraft gift hamper boxes wholesale by KBP. Recyclable kraft, custom sizes, inserts, and print options for premium gifting and bulk supply.",https://kraftboxpack.com/product/kraft-gift-hamper-boxes/,,Kraft Gift Hamper Boxes,15,19,2652,28,AggregateRating | Brand | ImageObject | Offer | Person | Product | Rating | Review,42
https://kraftboxpack.com/product/kraft-giveaway-packaging-boxes/,200,product,Kraft Giveaway Packaging Boxes Wholesale | KBP,"Order Kraft giveaway packaging boxes wholesale from KBP with custom sizes, eco friendly stock, vivid printing, free design support and fast turnaround.",https://kraftboxpack.com/product/kraft-giveaway-packaging-boxes/,,Kraft Giveaway Packaging Boxes,14,19,2764,28,AggregateRating | Brand | ImageObject | Offer | Person | Product | Rating | Review,42
https://kraftboxpack.com/product/kraft-granola-bar-boxes/,200,product,Kraft Granola Bar Boxes Wholesale | KBP,"Order Kraft granola bar boxes wholesale from Kraft Box Pack with custom sizes, food safe materials, vivid printing and fast turnaround across the UK.",https://kraftboxpack.com/product/kraft-granola-bar-boxes/,,Kraft Granola Bar Boxes,14,19,3004,28,AggregateRating | Brand | ImageObject | Offer | Person | Product | Rating | Review,41
https://kraftboxpack.com/product/kraft-hanging-display-boxes/,200,product,Kraft Hanging Display Boxes Wholesale | Kraft Box Pack,"Kraft hanging display boxes wholesale with strong kraft board hanger tabs custom sizes, print, and finishes for retail pegs and hooks. Kraft Box Pack.",https://kraftboxpack.com/product/kraft-hanging-display-boxes/,,Kraft Hanging Display Boxes,13,19,2967,27,AggregateRating | Brand | ImageObject | Offer | Person | Product | Rating | Review,39
https://kraftboxpack.com/product/kraft-heart-shaped-boxes/,200,product,Kraft Heart Shaped Boxes Wholesale | KBP,"Order Kraft heart shaped boxes wholesale from Kraft Box Pack. Eco-friendly kraft, custom sizes, prints, and secure gifting for brands and events.",https://kraftboxpack.com/product/kraft-heart-shaped-boxes/,,Kraft Heart Shaped Boxes,14,19,2249,28,AggregateRating | Brand | ImageObject | Offer | Person | Product | Rating | Review,42
https://kraftboxpack.com/product/kraft-heavy-duty-storage-boxes/,200,product,Kraft Heavy Duty Storage Boxes Wholesale | KBP,"Order Kraft heavy duty storage boxes wholesale from Kraft Box Pack (KBP) with custom sizes, strong kraft board, quick turnaround and low MOQ.",https://kraftboxpack.com/product/kraft-heavy-duty-storage-boxes/,,Kraft Heavy Duty Storage Boxes,14,19,2729,28,AggregateRating | Brand | ImageObject | Offer | Person | Product | Rating | Review,41
https://kraftboxpack.com/product/kraft-hexagon-boxes/,200,product,Kraft Hexagon Boxes Wholesale | KBP,"Kraft Hexagon Boxes Wholesale by KBP with custom sizes, eco-friendly stock, logo printing, fast turnaround, free design support and reliable delivery.",https://kraftboxpack.com/product/kraft-hexagon-boxes/,,Kraft Hexagon Boxes,14,19,2478,28,AggregateRating | Brand | ImageObject | Offer | Person | Product | Rating | Review,41
https://kraftboxpack.com/product/kraft-industrial-parts-boxes/,200,product,Kraft Industrial Parts Boxes Wholesale | KBP,"Buy Kraft industrial parts boxes wholesale from KBP. Strong kraft board, custom sizes and printing, secure product storage and fast delivery.",https://kraftboxpack.com/product/kraft-industrial-parts-boxes/,,Kraft Industrial Parts Boxes,14,19,2944,28,AggregateRating | Brand | ImageObject | Offer | Person | Product | Rating | Review,41
https://kraftboxpack.com/product/kraft-influencer-boxes/,200,product,Kraft Influencer Boxes Wholesale | KBP,"Order custom Kraft influencer boxes wholesale from Kraft Box Pack with eco-friendly materials, premium printing, low MOQs and fast delivery across the UK.",https://kraftboxpack.com/product/kraft-influencer-boxes/,,Kraft Influencer Boxes,14,20,2809,28,AggregateRating | Brand | ImageObject | Offer | Person | Product | Rating | Review,42
https://kraftboxpack.com/product/kraft-insulated-cold-boxes/,200,product,Kraft Insulated Cold Boxes Wholesale | KBP,"Keep your chilled products safe with Kraft insulated cold boxes wholesale from Kraft Box Pack. Custom sizes, strong materials, design, fast turnaround.",https://kraftboxpack.com/product/kraft-insulated-cold-boxes/,,Kraft Insulated Cold Boxes,14,19,2861,28,AggregateRating | Brand | ImageObject | Offer | Person | Product | Rating | Review,41
https://kraftboxpack.com/product/kraft-invitation-boxes/,200,product,Kraft Invitation Boxes Wholesale | KBP,"Custom Printed Soap Sleeves Wholesale | Soap Sleeves - design & shipping, custom sizes, Gloss/Matte/Spot UV options. Fast turnaround times.",https://kraftboxpack.com/product/kraft-invitation-boxes/,,Kraft Invitation Boxes,22,23,3624,28,AggregateRating | Brand | ImageObject | Offer | Person | Product | Rating | Review,42
https://kraftboxpack.com/product/kraft-jewelry-boxes/,200,product,"Buy Custom Kraft Jewelry Boxes , Packaging","High-quality Kraft Jewelry Boxes at wholesale prices. Customize size, style, and coating. Fast turnaround, free design, and shipping.",https://kraftboxpack.com/product/kraft-jewelry-boxes/,,Kraft Jewelry Boxes,16,16,1508,27,AggregateRating | Brand | ImageObject | Offer | Person | Product | Rating | Review,41
https://kraftboxpack.com/product/kraft-jewelry-insert-boxes/,200,product,Kraft Jewelry Insert Boxes Wholesale | KBP,"Kraft Jewelry Insert Boxes Wholesale by KBP in custom sizes, eco-friendly stocks, secure inserts and quick delivery for branded retail and gift packaging.",https://kraftboxpack.com/product/kraft-jewelry-insert-boxes/,,Kraft Jewelry Insert Boxes,14,19,2862,28,AggregateRating | Brand | ImageObject | Offer | Person | Product | Rating | Review,41
https://kraftboxpack.com/product/kraft-juice-bottle-carriers/,200,product,Kraft Juice Bottle Carriers Wholesale | KBP,"Kraft juice bottle carriers wholesale from Kraft Box Pack (KBP) with custom printing, eco friendly board, fast turnaround and design support.",https://kraftboxpack.com/product/kraft-juice-bottle-carriers/,,Kraft Juice Bottle Carriers,14,19,2863,28,AggregateRating | Brand | ImageObject | Offer | Person | Product | Rating | Review,41
https://kraftboxpack.com/product/kraft-keychain-packaging-boxes/,200,product,Kraft Keychain Packaging Boxes Wholesale | KBP,"Order Kraft keychain packaging boxes wholesale from Kraft Box Pack. Custom sizes, eco friendly stock, premium printing, fast turnaround and design.",https://kraftboxpack.com/product/kraft-keychain-packaging-boxes/,,Kraft Keychain Packaging Boxes,14,19,2807,28,AggregateRating | Brand | ImageObject | Offer | Person | Product | Rating | Review,41
https://kraftboxpack.com/product/kraft-lid-base-rigid-boxes/,200,product,Kraft Luxury Magnet Boxes | Wholesale & Custom Rigid Gifts,Secure Kraft Luxury Magnet Boxes with magnetic closure for premium gifting. Order Kraft Luxury Magnet Boxes wholesale with free design consultation.,https://kraftboxpack.com/product/kraft-lid-base-rigid-boxes/,,Kraft Lid & Base Rigid Boxes,14,19,2384,28,AggregateRating | Brand | ImageObject | Offer | Person | Product | Rating | Review,42
https://kraftboxpack.com/product/kraft-lip-balm-packaging-boxes/,200,product,Kraft Lip Balm Packaging Boxes Wholesale | KBP,"Order eco-friendly Kraft Lip Balm Packaging Boxes wholesale from KBP with custom sizes, fast turnaround, and quality printing for retail and gifting.",https://kraftboxpack.com/product/kraft-lip-balm-packaging-boxes/,,Kraft Lip Balm Packaging Boxes,23,17,2915,28,AggregateRating | Brand | ImageObject | Offer | Person | Product | Rating | Review,42
https://kraftboxpack.com/product/kraft-liquor-gift-boxes/,200,product,Kraft Liquor Gift Boxes Wholesale | KBP,Secure Kraft Liquor Gift Boxes for bottles. Available Kraft liquor gift boxes wholesale and Kraft liquor gift boxes empty for premium presentation.,https://kraftboxpack.com/product/kraft-liquor-gift-boxes/,,Kraft Liquor Gift Boxes,16,25,2512,27,AggregateRating | Brand | ImageObject | Offer | Person | Product | Rating | Review,43
https://kraftboxpack.com/product/kraft-luxury-magnet-boxes/,200,product,Kraft Gift Hamper Boxes | Wholesale & Bulk Gifting Supply,High-capacity Kraft Gift Hamper Boxes for bundling. Order Kraft Gift Hamper Boxes wholesale supplies for multi-item gifting and presentation.,https://kraftboxpack.com/product/kraft-luxury-magnet-boxes/,,Kraft Luxury Magnet Boxes,14,19,1987,28,AggregateRating | Brand | ImageObject | Offer | Person | Product | Rating | Review,42
https://kraftboxpack.com/product/kraft-macaron-packaging-boxes/,200,product,Kraft Macaron Packaging Boxes Wholesale | KBP,"Order custom kraft macaron packaging boxes wholesale from Kraft Box Pack (KBP) with custom sizes, premium printing, design support and fast delivery.",https://kraftboxpack.com/product/kraft-macaron-packaging-boxes/,,Kraft Macaron Packaging Boxes,14,19,3112,28,AggregateRating | Brand | ImageObject | Offer | Person | Product | Rating | Review,41
https://kraftboxpack.com/product/kraft-magnetic-closure-boxes/,200,product,Kraft Magnetic Closure Boxes Wholesale | KBP,"Order durable Kraft Magnetic Closure Boxes wholesale from KBP with custom sizes, branding, eco-friendly materials and fast UK-wide delivery.",https://kraftboxpack.com/product/kraft-magnetic-closure-boxes/,,Kraft Magnetic Closure Boxes,14,19,2580,28,AggregateRating | Brand | ImageObject | Offer | Person | Product | Rating | Review,41
https://kraftboxpack.com/product/kraft-mailer-boxes/,200,product,Order Kraft Mailer Boxes And Packaging,"Order custom Kraft Mailer Boxes at wholesale prices. Get free design and shipping, and choose from various sizes and styles.",https://kraftboxpack.com/product/kraft-mailer-boxes/,,Kraft Mailer Boxes,16,24,1732,27,AggregateRating | Brand | ImageObject | Offer | Person | Product | Rating | Review,41
https://kraftboxpack.com/product/kraft-makeup-palette-boxes/,200,product,Kraft Makeup Palette Boxes Wholesale | KBP,"Order Kraft makeup palette boxes wholesale from KBP with custom sizes, eco-friendly board, vivid printing and fast delivery for cosmetic brands.",https://kraftboxpack.com/product/kraft-makeup-palette-boxes/,,Kraft Makeup Palette Boxes,14,19,2003,28,AggregateRating | Brand | ImageObject | Offer | Person | Product | Rating | Review,42
https://kraftboxpack.com/product/kraft-marketing-kit-boxes/,200,product,Kraft Marketing Kit Boxes Wholesale | KBP,Kraft Marketing Kit Boxes Wholesale | Custom printed eco kraft presentation boxes for branded samples and welcome kits. Low prices and fast turnaround.,https://kraftboxpack.com/product/kraft-marketing-kit-boxes/,,Kraft Marketing Kit Boxes,14,19,2825,28,AggregateRating | Brand | ImageObject | Offer | Person | Product | Rating | Review,42
https://kraftboxpack.com/product/kraft-mascara-boxes/,200,product,Kraft Mascara Boxes Wholesale | KBP,"Order Kraft mascara boxes wholesale from KBP with custom sizes, bold branding prints, sturdy eco-friendly stock and quick turnaround for cosmetic lines.",https://kraftboxpack.com/product/kraft-mascara-boxes/,,Kraft Mascara Boxes,20,16,3076,25,AggregateRating | Brand | ImageObject | Offer | Person | Product | Rating | Review,36
https://kraftboxpack.com/product/kraft-meat-packaging-boxes/,200,product,Kraft Meat Packaging Boxes Wholesale | KBP,"Order Kraft meat packaging boxes wholesale from KBP with custom sizes, eco-friendly kraft stock, high quality printing, fast turnaround and free shipping.",https://kraftboxpack.com/product/kraft-meat-packaging-boxes/,,Kraft Meat Packaging Boxes,14,19,2571,28,AggregateRating | Brand | ImageObject | Offer | Person | Product | Rating | Review,41
https://kraftboxpack.com/product/kraft-medicine-packaging-boxes/,200,product,Kraft Medicine Packaging Boxes Wholesale | KBP,"Get Kraft medicine packaging boxes wholesale from KBP with secure locking styles, custom sizes, eco stocks, and sharp branding for pharmacies and clinics.",https://kraftboxpack.com/product/kraft-medicine-packaging-boxes/,,Kraft Medicine Packaging Boxes,17,22,2154,28,AggregateRating | Brand | ImageObject | Offer | Person | Product | Rating | Review,41
https://kraftboxpack.com/product/kraft-milk-bottle-carriers/,200,product,Kraft Milk Bottle Carriers Wholesale | KBP,"Order kraft milk bottle carriers wholesale from KBP with custom printing, sturdy eco-friendly board, low MOQs and fast, reliable delivery.",https://kraftboxpack.com/product/kraft-milk-bottle-carriers/,,Kraft Milk Bottle Carriers,14,19,2854,28,AggregateRating | Brand | ImageObject | Offer | Person | Product | Rating | Review,41
https://kraftboxpack.com/product/kraft-minimalist-boxes/,200,product,Kraft Minimalist Boxes Wholesale | KBP,"Kraft Minimalist Boxes offer simple, custom packaging. Get Kraft minimalist boxes wholesale and custom packaging boxes USA supply.",https://kraftboxpack.com/product/kraft-minimalist-boxes/,,Kraft Minimalist Boxes,15,20,2199,28,AggregateRating | Brand | ImageObject | Offer | Person | Product | Rating | Review,41
https://kraftboxpack.com/product/kraft-muffin-packaging-boxes/,200,product,Kraft Muffin Packaging Boxes Wholesale | KBP,"Get Kraft muffin packaging boxes wholesale from Kraft Box Pack (KBP) with custom sizes, food-safe printing, low MOQs, turnaround and design.",https://kraftboxpack.com/product/kraft-muffin-packaging-boxes/,,Kraft Muffin Packaging Boxes,14,18,3453,28,AggregateRating | Brand | ImageObject | Offer | Person | Product | Rating | Review,41
https://kraftboxpack.com/product/kraft-necklace-box/,200,product,Kraft Necklace Box Wholesale | Kraft Box Pack,"Secure Kraft Necklace Box packaging for pendants and chains. Lightweight, printable, eco-friendly, and available in bulk wholesale for jewelry brands.",https://kraftboxpack.com/product/kraft-necklace-box/,,Kraft Necklace Box,16,20,2262,27,AggregateRating | Brand | ImageObject | Offer | Person | Product | Rating | Review,41
https://kraftboxpack.com/product/kraft-noodle-packaging-boxes/,200,product,Kraft Noodle Packaging Boxes Wholesale | KBP,"Order durable kraft noodle packaging boxes wholesale from KBP with custom sizes, printing, design support and quick turnaround across the UK.",https://kraftboxpack.com/product/kraft-noodle-packaging-boxes/,,Kraft Noodle Packaging Boxes,14,19,2804,28,AggregateRating | Brand | ImageObject | Offer | Person | Product | Rating | Review,41
https://kraftboxpack.com/product/kraft-notebook-packaging/,200,product,Kraft Notebook Packaging Wholesale | KBP,"Order Kraft notebook packaging wholesale from KBP with custom sizes, eco-friendly materials, premium printing, design support and fast turnaround.",https://kraftboxpack.com/product/kraft-notebook-packaging/,,Kraft Notebook Packaging,14,19,2889,28,AggregateRating | Brand | ImageObject | Offer | Person | Product | Rating | Review,41
https://kraftboxpack.com/product/kraft-octagon-boxes/,200,product,Kraft Octagon Boxes Wholesale | KBP,"Kraft Octagon Boxes wholesale from KBP with custom sizes, eco materials and strong walls for gifts, bakery items and retail packaging across the UK.",https://kraftboxpack.com/product/kraft-octagon-boxes/,,Kraft Octagon Boxes,14,19,2415,28,AggregateRating | Brand | ImageObject | Offer | Person | Product | Rating | Review,41
https://kraftboxpack.com/product/kraft-paper-boxes/,200,product,Kraft Paper Boxes Wholesale | Kraft Box Pack,"Order kraft paper boxes wholesale from Kraft Box Pack. Eco-friendly, customizable, fast shipping and free design support.",https://kraftboxpack.com/product/kraft-paper-boxes/,,Kraft Paper Boxes,17,26,2365,27,AggregateRating | Brand | ImageObject | Offer | Person | Product | Rating | Review,41
https://kraftboxpack.com/product/kraft-paper-dispenser-boxes/,200,product,Order Kraft Paper Dispenser Boxes | Kraft Box Pack,"Wholesale Kraft Paper Dispenser Boxes. High-quality, customizable boxes for packaging and storage. Fast turnaround, free design, and shipping.",https://kraftboxpack.com/product/kraft-paper-dispenser-boxes/,,Kraft Paper Dispenser Boxes,17,26,1797,27,AggregateRating | Brand | ImageObject | Offer | Person | Product | Rating | Review,41
https://kraftboxpack.com/product/kraft-paper-gift-boxes/,200,product,"Shop Kraft Paper Gift Boxes, Wholesale Price","Kraft Paper Gift Boxes: Eco-friendly, customizable packaging for your products. Wholesale pricing, fast turnaround, and free design.",https://kraftboxpack.com/product/kraft-paper-gift-boxes/,,Kraft Paper Gift Boxes,16,16,1561,27,AggregateRating | Brand | ImageObject | Offer | Person | Product | Rating | Review,41
https://kraftboxpack.com/product/kraft-paper-gift-wrapping/,200,product,"Buy Kraft Paper Gift Wrapping , Discounted Price","Wholesale Kraft Paper Gift Wrapping: High-quality, customizable gift wrapping with free design and shipping. Fast turnaround times and eco-friendly options.",https://kraftboxpack.com/product/kraft-paper-gift-wrapping/,,Kraft Paper Gift Wrapping,17,25,1876,27,AggregateRating | Brand | ImageObject | Offer | Person | Product | Rating | Review,41
https://kraftboxpack.com/product/kraft-paper-packaging/,200,product,"Order Kraft Paper Packaging , Wholesale","Eco-friendly Kraft paper packaging at wholesale prices. Custom sizes, styles, and coatings. Free design and shipping. Order Now!",https://kraftboxpack.com/product/kraft-paper-packaging/,,Kraft Paper Packaging,18,26,1678,27,AggregateRating | Brand | ImageObject | Offer | Person | Product | Rating | Review,41
https://kraftboxpack.com/product/kraft-paper-treat-bags/,200,product,Kraft Paper Treat Bags Wholesale | Kraft Box Pack,"Lightweight Kraft Paper Treat Bags for snacks, bakery goods, and gifting. Food-safe, printable, and available in bulk wholesale for retail and events.",https://kraftboxpack.com/product/kraft-paper-treat-bags/,,Kraft Paper Treat Bags,16,20,2212,27,AggregateRating | Brand | ImageObject | Offer | Person | Product | Rating | Review,41
https://kraftboxpack.com/product/kraft-paperboard-boxes/,200,product,Kraft Paperboard Boxes Wholesale | Kraft Box Pack,"Shop kraft paperboard boxes wholesale. Sturdy, custom-printed, eco-friendly. Design help, fast shipping, and custom sizes for retail or e-commerce.",https://kraftboxpack.com/product/kraft-paperboard-boxes/,,Kraft Paperboard Boxes,27,17,2028,27,AggregateRating | Brand | ImageObject | Offer | Person | Product | Rating | Review,41
https://kraftboxpack.com/product/kraft-pastry-boxes/,200,product,Kraft Pastry Boxes Wholesale | KBP,"Order Kraft Pastry Boxes wholesale from KBP with custom sizes, food-safe kraft material, fast turnaround, and design support for your bakery.",https://kraftboxpack.com/product/kraft-pastry-boxes/,,Kraft Pastry Boxes,14,19,3259,28,AggregateRating | Brand | ImageObject | Offer | Person | Product | Rating | Review,41
https://kraftboxpack.com/product/kraft-pen-packaging-boxes/,200,product,Kraft Pen Packaging Boxes Wholesale | KBP,"Shop Kraft pen packaging boxes wholesale from Kraft Box Pack (KBP) with custom sizes, eco-friendly stock, sharp printing, fast turnaround and design.",https://kraftboxpack.com/product/kraft-pen-packaging-boxes/,,Kraft Pen Packaging Boxes,14,19,3063,28,AggregateRating | Brand | ImageObject | Offer | Person | Product | Rating | Review,41
https://kraftboxpack.com/product/kraft-pencil-packaging-boxes/,200,product,Kraft Pencil Packaging Boxes Wholesale | KBP,"Kraft pencil packaging boxes wholesale from Kraft Box Pack with custom sizes, eco friendly materials, quality printing and fast delivery across the UK.",https://kraftboxpack.com/product/kraft-pencil-packaging-boxes/,,Kraft Pencil Packaging Boxes,14,19,3012,28,AggregateRating | Brand | ImageObject | Offer | Person | Product | Rating | Review,41
https://kraftboxpack.com/product/kraft-perfume-boxes/,200,product,Kraft Perfume Boxes Wholesale | KBP,"Kraft Perfume Boxes Wholesale by KBP with custom sizes, eco-friendly materials, premium printing, and fast turnaround for branded fragrance packaging.",https://kraftboxpack.com/product/kraft-perfume-boxes/,,Kraft Perfume Boxes,17,16,2577,28,AggregateRating | Brand | ImageObject | Offer | Person | Product | Rating | Review,42
https://kraftboxpack.com/product/kraft-photo-frame-boxes/,200,product,Kraft Photo Frame Boxes Wholesale | KBP,"Order Kraft photo frame boxes wholesale from KBP with custom sizes, eco friendly stock, sharp printing, fast turnaround and design support.",https://kraftboxpack.com/product/kraft-photo-frame-boxes/,,Kraft Photo Frame Boxes,14,19,3066,28,AggregateRating | Brand | ImageObject | Offer | Person | Product | Rating | Review,41
https://kraftboxpack.com/product/kraft-pillow-boxes/,200,product,Kraft Pillow Boxes Wholesale | Kraft Box Pack,"Order kraft pillow boxes wholesale. Sustainable, stylish, and ready for printing. Free design & shipping, custom sizes & finishes.",https://kraftboxpack.com/product/kraft-pillow-boxes/,,Kraft Pillow Boxes,17,26,1773,27,AggregateRating | Brand | ImageObject | Offer | Person | Product | Rating | Review,41
https://kraftboxpack.com/product/kraft-pillow-gift-boxes/,200,product,Kraft Pillow Gift Boxes Wholesale | KBP,"Get Kraft pillow gift boxes wholesale from KBP. Eco-friendly kraft, custom sizes, clean printing, and sturdy packaging for gifts, events, and retail.",https://kraftboxpack.com/product/kraft-pillow-gift-boxes/,,Kraft Pillow Gift Boxes,14,19,2634,28,AggregateRating | Brand | ImageObject | Offer | Person | Product | Rating | Review,42
https://kraftboxpack.com/product/kraft-pizza-boxes/,200,product,Order Kraft Pizza Boxes And Packaging,"High-quality, custom pizza packaging at wholesale prices. Fast turnaround, free design, and various printing options. Order Today!",https://kraftboxpack.com/product/kraft-pizza-boxes/,,"Kraft Pizza Box Supply Options \r\n Pizza delivery and takeout demand reliable packaging. At Kraft Box Pack , we provide Kraft"",""currency"":""USD"",""tags"":[],""images"":[],""variants"":{""2603"":{""variantID"":""2603"",""title"":""Kraft Pizza Boxes"",""status"":null,""price"":30,""imageID"":""2604"",""imageUrl"":""https:\/\/kraftboxpack.com\/wp-content\/uploads\/2024\/10\/Kraft-Pizza-Boxes.jpg""}},""productID"":""2603"",""productUrl"":""https:\/\/kraftboxpack.com\/product\/kraft-pizza-boxes\/"",""categoryIDs"":null,""createdAt"":null,""updatedAt"":null,""published"":true} gtag(""event"", ""view_item"", { send_to: ""GLA"", ecomm_pagetype: ""product"", value: 0.300000, items:[{ id: ""gla_2603"", price: 0.300000, google_business_vertical: ""retail"", name: ""Kraft Pizza Boxes"", category: ""Kraft Packaging Boxes"", }]}); Kraft Pizza Boxes",17,19,1498,27,AggregateRating | Brand | ImageObject | Offer | Person | Product | Rating | Review,41
https://kraftboxpack.com/product/kraft-pop-display-boxes/,200,product,Kraft POP Display Boxes Wholesale | KBP,"Order Kraft POP Display Boxes wholesale from Kraft Box Pack with custom sizes, eco kraft stock, quality printing and fast turnaround across the UK.",https://kraftboxpack.com/product/kraft-pop-display-boxes/,,Kraft POP Display Boxes,13,19,2940,27,AggregateRating | Brand | ImageObject | Offer | Person | Product | Rating | Review,39
https://kraftboxpack.com/product/kraft-popcorn-packaging-boxes/,200,product,Kraft Popcorn Packaging Boxes Wholesale | KBP,"Order durable Kraft popcorn packaging boxes wholesale from KBP with custom sizes, branding, fast turnaround, design help and reliable shipping",https://kraftboxpack.com/product/kraft-popcorn-packaging-boxes/,,Kraft Popcorn Packaging Boxes,14,19,2950,28,AggregateRating | Brand | ImageObject | Offer | Person | Product | Rating | Review,41
https://kraftboxpack.com/product/kraft-ppe-packaging-boxes/,200,product,Kraft PPE Packaging Boxes Wholesale | KBP,"Order Kraft PPE packaging boxes wholesale from Kraft Box Pack (KBP) with custom sizes, eco-friendly materials and fast turnaround across the UK.",https://kraftboxpack.com/product/kraft-ppe-packaging-boxes/,,Kraft PPE Packaging Boxes,17,25,3461,28,AggregateRating | Brand | ImageObject | Offer | Person | Product | Rating | Review,41
https://kraftboxpack.com/product/kraft-pr-packaging-boxes/,200,product,Kraft PR Packaging Boxes Wholesale | KBP,"Order Kraft PR packaging boxes wholesale from KBP with custom sizes, high-quality printing, free design support and fast turnaround.",https://kraftboxpack.com/product/kraft-pr-packaging-boxes/,,Kraft PR Packaging Boxes,14,19,2939,28,AggregateRating | Brand | ImageObject | Offer | Person | Product | Rating | Review,42
https://kraftboxpack.com/product/kraft-promotional-boxes/,200,product,Kraft Promotional Boxes Wholesale | KBP,"Kraft Promotional Boxes Wholesale by KBP with eco-friendly materials, vivid branding, secure inserts and fast, reliable delivery across the UK.",https://kraftboxpack.com/product/kraft-promotional-boxes/,,Kraft Promotional Boxes,14,19,2840,28,AggregateRating | Brand | ImageObject | Offer | Person | Product | Rating | Review,42
https://kraftboxpack.com/product/kraft-puzzle-packaging-boxes/,200,product,Kraft Puzzle Packaging Boxes Wholesale | KBP,"Order Kraft puzzle packaging boxes wholesale from Kraft Box Pack with custom sizes, eco friendly materials and fast turnaround across the UK.",https://kraftboxpack.com/product/kraft-puzzle-packaging-boxes/,,Kraft Puzzle Packaging Boxes,13,19,2775,27,AggregateRating | Brand | ImageObject | Offer | Person | Product | Rating | Review,39
https://kraftboxpack.com/product/kraft-pyramid-boxes/,200,product,Kraft Pyramid Boxes Wholesale | KBP,"Kraft Pyramid Boxes wholesale by KBP with custom sizes, eco-friendly stock, quality printing and quick turnaround for gifts, favors and retail.",https://kraftboxpack.com/product/kraft-pyramid-boxes/,,Kraft Pyramid Boxes,14,19,2499,28,AggregateRating | Brand | ImageObject | Offer | Person | Product | Rating | Review,41
https://kraftboxpack.com/product/kraft-rectangular-gift-boxes/,200,product,Kraft Rectangular Gift Boxes Wholesale | KBP,"Order Kraft rectangular gift boxes wholesale from KBP. Strong, eco-friendly kraft with custom sizes, prints, and lids for retail and gifting in bulk.",https://kraftboxpack.com/product/kraft-rectangular-gift-boxes/,,Kraft Rectangular Gift Boxes,16,21,2573,28,AggregateRating | Brand | ImageObject | Offer | Person | Product | Rating | Review,42
https://kraftboxpack.com/product/kraft-recycled-kraft-boxes/,200,product,Kraft Recycled Kraft Boxes Wholesale | KBP,"Order durable Kraft recycled kraft boxes wholesale from Kraft Box Pack (KBP) with custom sizes, eco-friendly stock, low MOQ and fast UK delivery.",https://kraftboxpack.com/product/kraft-recycled-kraft-boxes/,,Kraft Recycled Kraft Boxes,14,25,3009,28,AggregateRating | Brand | ImageObject | Offer | Person | Product | Rating | Review,41
https://kraftboxpack.com/product/kraft-retail-display-trays/,200,product,Kraft Retail Display Trays Wholesale | KBP,"Order kraft retail display trays at wholesale prices from Kraft Box Pack with custom sizes, branding, design support and quick turnaround.",https://kraftboxpack.com/product/kraft-retail-display-trays/,,Kraft Retail Display Trays,13,19,2905,27,AggregateRating | Brand | ImageObject | Offer | Person | Product | Rating | Review,39
https://kraftboxpack.com/product/kraft-ribbon-closure-boxes/,200,product,Kraft Ribbon Closure Boxes Wholesale | KBP,"Order Kraft ribbon closure boxes wholesale from Kraft Box Pack. Custom sizes, ribbon styles, and finishes for gifts, retail, and events with low MOQs.",https://kraftboxpack.com/product/kraft-ribbon-closure-boxes/,,Kraft Ribbon Closure Boxes,14,19,1805,28,AggregateRating | Brand | ImageObject | Offer | Person | Product | Rating | Review,42
https://kraftboxpack.com/product/kraft-rigid-boxes/,200,product,Kraft Rigid Boxes Wholesale | KBP,"Kraft Rigid Boxes Wholesale by KBP with custom sizes, eco-friendly materials, premium printing, design support, fast turnaround and reliable shipping.",https://kraftboxpack.com/product/kraft-rigid-boxes/,,Kraft Rigid Boxes,14,19,2382,28,AggregateRating | Brand | ImageObject | Offer | Person | Product | Rating | Review,41
https://kraftboxpack.com/product/kraft-ring-packaging-boxes/,200,product,Kraft Ring Packaging Boxes Wholesale | KBP,"Order eco-friendly Kraft ring packaging boxes wholesale from KBP with custom sizes, secure inserts, fast turnaround, and free design support across the UK.",https://kraftboxpack.com/product/kraft-ring-packaging-boxes/,,Kraft Ring Packaging Boxes,17,16,3126,28,AggregateRating | Brand | ImageObject | Offer | Person | Product | Rating | Review,41
https://kraftboxpack.com/product/kraft-round-boxes/,200,product,Shop Kraft Round Boxes | Kraft Box Pack,"Kraft Round Boxes: High-quality, customizable packaging for your products. Wholesale pricing, fast turnaround, and free design services.",https://kraftboxpack.com/product/kraft-round-boxes/,,Kraft Round Boxes,17,25,1642,27,AggregateRating | Brand | ImageObject | Offer | Person | Product | Rating | Review,41
https://kraftboxpack.com/product/kraft-round-gift-containers/,200,product,Kraft Round Gift Containers Wholesale | KBP,"Shop Kraft Round Gift Containers Wholesale from Kraft Box Pack. Custom sizes, lids, eco kraft material, printing, fast turnaround, bulk pricing.",https://kraftboxpack.com/product/kraft-round-gift-containers/,,Kraft Round Gift Containers,14,19,2302,28,AggregateRating | Brand | ImageObject | Offer | Person | Product | Rating | Review,42
https://kraftboxpack.com/product/kraft-salad-boxes/,200,product,Kraft Salad Boxes Wholesale | KBP,"Order kraft salad boxes wholesale from Kraft Box Pack with custom sizes, food-safe materials and fast turnaround for takeaway and delivery brands.",https://kraftboxpack.com/product/kraft-salad-boxes/,,Kraft Salad Boxes,14,19,2542,28,AggregateRating | Brand | ImageObject | Offer | Person | Product | Rating | Review,41
https://kraftboxpack.com/product/kraft-sandwich-wedge-boxes/,200,product,Kraft Sandwich Wedge Boxes Wholesale | KBP,"Order kraft sandwich wedge boxes wholesale from Kraft Box Pack with custom sizes, clear windows and food-safe materials. Fast turnaround.",https://kraftboxpack.com/product/kraft-sandwich-wedge-boxes/,,Kraft Sandwich Wedge Boxes,15,20,2861,28,AggregateRating | Brand | ImageObject | Offer | Person | Product | Rating | Review,41
https://kraftboxpack.com/product/kraft-scarf-boxes/,200,product,Kraft Scarf Boxes Wholesale | KBP,"Order Kraft scarf boxes wholesale from Kraft Box Pack with custom sizes, logo printing, eco-friendly board, design support and quick delivery.",https://kraftboxpack.com/product/kraft-scarf-boxes/,,Kraft Scarf Boxes,14,19,2802,28,AggregateRating | Brand | ImageObject | Offer | Person | Product | Rating | Review,41
https://kraftboxpack.com/product/kraft-seafood-boxes/,200,product,Kraft Seafood Boxes Wholesale | KBP,"Get Kraft Seafood Boxes wholesale from KBP with food-safe kraft stock, custom printing, quick turnaround and low MOQs for growing seafood brands.",https://kraftboxpack.com/product/kraft-seafood-boxes/,,Kraft Seafood Boxes,14,19,3293,28,AggregateRating | Brand | ImageObject | Offer | Person | Product | Rating | Review,41
https://kraftboxpack.com/product/kraft-shelf-ready-packaging/,200,product,Kraft Shelf-Ready Packaging | Wholesale,Buy Kraft Shelf-Ready Packaging for supermarkets. Streamline stocking with Shelf Ready Display Boxes and Kraft Shelf Ready Boxes.,https://kraftboxpack.com/product/kraft-shelf-ready-packaging/,,Kraft Shelf Ready Packaging,13,19,2941,27,AggregateRating | Brand | ImageObject | Offer | Person | Product | Rating | Review,39
https://kraftboxpack.com/product/kraft-shipping-boxes/,200,product,Get Kraft Shipping Boxes And Wholesale Packaging,"Get high-quality, affordable shipping boxes with fast turnaround times. Free design and shipping included. Lets Order Now !",https://kraftboxpack.com/product/kraft-shipping-boxes/,,Kraft Shipping Boxes,17,25,2443,27,AggregateRating | Brand | ImageObject | Offer | Person | Product | Rating | Review,41
https://kraftboxpack.com/product/kraft-shoe-boxes/,200,product,Order Custom Kraft Shoe Boxes Packaging,"Shop premium Kraft Shoe Boxes at wholesale prices from Kraft Box Pack. Customize sizes, styles, and coatings like gloss, matte, or Spot UV. Order today!",https://kraftboxpack.com/product/kraft-shoe-boxes/,,Kraft Shoe Boxes,16,16,1505,27,AggregateRating | Brand | ImageObject | Offer | Person | Product | Rating | Review,41
https://kraftboxpack.com/product/kraft-shoulder-boxes/,200,product,Kraft Shoulder Boxes Wholesale | KBP,"Wholesale kraft shoulder boxes with custom printing. Rigid construction, magnetic closure options. USA shipping. MOQ 100 units. Order now",https://kraftboxpack.com/product/kraft-shoulder-boxes/,,Kraft Shoulder Boxes,14,19,1811,28,AggregateRating | Brand | ImageObject | Offer | Person | Product | Rating | Review,42
https://kraftboxpack.com/product/kraft-skincare-boxes/,200,product,Kraft Skincare Boxes Wholesale | KBP,"Order custom Kraft skincare boxes wholesale from KBP with eco-friendly stock, quality printing, low MOQs and fast delivery for growing skincare brands.",https://kraftboxpack.com/product/kraft-skincare-boxes/,,Kraft Skincare Boxes,23,16,2585,28,AggregateRating | Brand | ImageObject | Offer | Person | Product | Rating | Review,42
https://kraftboxpack.com/product/kraft-snack-packaging-boxes/,200,product,Kraft Snack Packaging Boxes Wholesale | Kraft Box Pack,"Kraft snack packaging boxes wholesale from Kraft Box Pack with custom sizes, eco-friendly materials, quality printing and fast turnaround.",https://kraftboxpack.com/product/kraft-snack-packaging-boxes/,,Kraft Snack Packaging Boxes,14,19,2955,28,AggregateRating | Brand | ImageObject | Offer | Person | Product | Rating | Review,41
https://kraftboxpack.com/product/kraft-soap-sleeve-boxes/,200,product,Kraft Soap Sleeve Boxes Wholesale | KBP,"Kraft Soap Sleeve Boxes wholesale by KBP with custom sizes, logo printing, eco-friendly stock, free design support and fast turnaround times.",https://kraftboxpack.com/product/kraft-soap-sleeve-boxes/,,Kraft Soap Sleeve Boxes,15,24,2424,28,AggregateRating | Brand | ImageObject | Offer | Person | Product | Rating | Review,42
https://kraftboxpack.com/product/kraft-sock-packaging-boxes/,200,product,Kraft Sock Packaging Boxes Wholesale | KBP,"Order custom Kraft sock packaging boxes wholesale from KBP with eco-friendly materials, custom sizes, quality printing and fast turnaround across the UK.",https://kraftboxpack.com/product/kraft-sock-packaging-boxes/,,Kraft Sock Packaging Boxes,14,19,2961,28,AggregateRating | Brand | ImageObject | Offer | Person | Product | Rating | Review,41
https://kraftboxpack.com/product/kraft-square-gift-boxes/,200,product,Kraft Square Gift Boxes Wholesale | KBP,"Kraft square gift boxes wholesale by KBP with custom lids, printing, and finishes. Strong, eco-friendly packaging for retail, weddings, and hampers.",https://kraftboxpack.com/product/kraft-square-gift-boxes/,,Kraft Square Gift Boxes,14,19,2114,28,AggregateRating | Brand | ImageObject | Offer | Person | Product | Rating | Review,42
https://kraftboxpack.com/product/kraft-stationery-boxes/,200,product,Kraft Stationery Boxes Wholesale | KBP,"Kraft stationery boxes wholesale from Kraft Box Pack with custom sizes, eco materials, quality printing, design support and quick UK shipping.",https://kraftboxpack.com/product/kraft-stationery-boxes/,,Kraft Stationery Boxes,14,19,3051,28,AggregateRating | Brand | ImageObject | Offer | Person | Product | Rating | Review,41
https://kraftboxpack.com/product/kraft-storage-boxes/,200,product,Buy Custom Kraft Storage Boxes Packaging,"Sleek and sturdy Kraft storage boxes, perfect for organizing your belongings. Durable, eco-friendly, and customizable with labels.",https://kraftboxpack.com/product/kraft-storage-boxes/,,"Kraft Storage Box Supply Solutions \r\n Storage packaging requires both strength and adaptability. At Kraft Box Pack , we provide Kraft"",""currency"":""USD"",""tags"":[],""images"":[],""variants"":{""2608"":{""variantID"":""2608"",""title"":""Kraft Storage Boxes"",""status"":null,""price"":30,""imageID"":""2609"",""imageUrl"":""https:\/\/kraftboxpack.com\/wp-content\/uploads\/2024\/10\/Kraft-Storage-Boxes-1.jpg""}},""productID"":""2608"",""productUrl"":""https:\/\/kraftboxpack.com\/product\/kraft-storage-boxes\/"",""categoryIDs"":null,""createdAt"":null,""updatedAt"":null,""published"":true} gtag(""event"", ""view_item"", { send_to: ""GLA"", ecomm_pagetype: ""product"", value: 0.300000, items:[{ id: ""gla_2608"", price: 0.300000, google_business_vertical: ""retail"", name: ""Kraft Storage Boxes"", category: ""Kraft Packaging Boxes"", }]}); Kraft Storage Boxes",15,19,1445,27,AggregateRating | Brand | ImageObject | Offer | Person | Product | Rating | Review,41
https://kraftboxpack.com/product/kraft-subscription-boxes/,200,product,Kraft Subscription Boxes Wholesale | KBP,"Order custom Kraft subscription boxes wholesale from KBP with eco-friendly materials, custom sizes, fast turnaround, free design support and shipping.",https://kraftboxpack.com/product/kraft-subscription-boxes/,,Kraft Subscription Boxes,15,19,2897,28,AggregateRating | Brand | ImageObject | Offer | Person | Product | Rating | Review,42
https://kraftboxpack.com/product/kraft-supplement-boxes/,200,product,Kraft Supplement Boxes Wholesale | KBP,"Order custom kraft supplement boxes wholesale with eco-friendly materials, vivid printing, custom sizes and fast turnaround from KBP.",https://kraftboxpack.com/product/kraft-supplement-boxes/,,Kraft Supplement Boxes,14,19,2760,28,AggregateRating | Brand | ImageObject | Offer | Person | Product | Rating | Review,41
https://kraftboxpack.com/product/kraft-sushi-packaging-boxes/,200,product,Kraft Sushi Packaging Boxes Wholesale | KBP,"Get kraft sushi packaging boxes wholesale from Kraft Box Pack with custom sizes, eco friendly materials, food safe print and quick UK delivery.",https://kraftboxpack.com/product/kraft-sushi-packaging-boxes/,,Kraft Sushi Packaging Boxes,14,19,3042,28,AggregateRating | Brand | ImageObject | Offer | Person | Product | Rating | Review,41
https://kraftboxpack.com/product/kraft-syrup-packaging-boxes/,200,product,Kraft Syrup Packaging Boxes Wholesale | KBP,"Kraft Syrup Packaging Boxes Wholesale from KBP keep bottles secure, branded and shelf ready with eco-friendly kraft, custom sizes and fast printing.",https://kraftboxpack.com/product/kraft-syrup-packaging-boxes/,,Kraft Syrup Packaging Boxes,14,19,3211,28,AggregateRating | Brand | ImageObject | Offer | Person | Product | Rating | Review,41
https://kraftboxpack.com/product/kraft-t-shirt-boxes/,200,product,Kraft T Shirt Boxes Wholesale | KBP,"Kraft T Shirt Boxes Wholesale from KBP with custom sizes, premium printing, design support and fast shipping for your apparel packaging.",https://kraftboxpack.com/product/kraft-t-shirt-boxes/,,Kraft T Shirt Boxes,14,19,2931,28,AggregateRating | Brand | ImageObject | Offer | Person | Product | Rating | Review,41
https://kraftboxpack.com/product/kraft-take-out-boxes/,200,product,"Get Kraft Take Out Boxes , Wholesale Packaging",Wholesale Kraft Take Out Boxes: Eco-friendly packaging solutions at affordable prices. Order now and enjoy free shipping.,https://kraftboxpack.com/product/kraft-take-out-boxes/,,"Custom Kraft Boxes for Takeaway \r\n Food delivery and takeaway packaging needs to be strong, safe, and presentable. At Kraft Box Pack ,"",""currency"":""USD"",""tags"":[],""images"":[],""variants"":{""2613"":{""variantID"":""2613"",""title"":""Kraft Take Out Boxes"",""status"":null,""price"":30,""imageID"":""2614"",""imageUrl"":""https:\/\/kraftboxpack.com\/wp-content\/uploads\/2024\/10\/Kraft-Take-Out-Boxes.jpg""}},""productID"":""2613"",""productUrl"":""https:\/\/kraftboxpack.com\/product\/kraft-take-out-boxes\/"",""categoryIDs"":null,""createdAt"":null,""updatedAt"":null,""published"":true} gtag(""event"", ""view_item"", { send_to: ""GLA"", ecomm_pagetype: ""product"", value: 0.300000, items:[{ id: ""gla_2613"", price: 0.300000, google_business_vertical: ""retail"", name: ""Kraft Take Out Boxes"", category: ""Kraft Packaging Boxes"", }]}); Kraft Take Out Boxes",16,19,1435,27,AggregateRating | Brand | ImageObject | Offer | Person | Product | Rating | Review,41
https://kraftboxpack.com/product/kraft-tea-packaging-boxes/,200,product,Kraft Tea Packaging Boxes Wholesale | KBP,"Order eco-friendly kraft tea packaging boxes wholesale from KBP with custom sizes, strong materials and fast turnaround for loose leaf and bagged teas.",https://kraftboxpack.com/product/kraft-tea-packaging-boxes/,,Kraft Tea Packaging Boxes,14,19,3114,28,AggregateRating | Brand | ImageObject | Offer | Person | Product | Rating | Review,41
https://kraftboxpack.com/product/kraft-thermal-kraft-boxes/,200,product,Kraft Thermal Kraft Boxes | Wholesale & Food Boxes,Kraft Thermal Kraft Boxes are insulated containers for food and cold chain. Get Kraft thermal kraft boxes wholesale and Kraft paper boxes for food supply.,https://kraftboxpack.com/product/kraft-thermal-kraft-boxes/,,Kraft Thermal Kraft Boxes,14,19,2197,28,AggregateRating | Brand | ImageObject | Offer | Person | Product | Rating | Review,41
https://kraftboxpack.com/product/kraft-toy-packaging-boxes/,200,product,Kraft Toy Packaging Boxes Wholesale | KBP,"Order kraft toy packaging boxes wholesale with custom sizes, eco-friendly stock, vivid printing and fast turnaround from KBP.",https://kraftboxpack.com/product/kraft-toy-packaging-boxes/,,Kraft Toy Packaging Boxes,13,19,2894,27,AggregateRating | Brand | ImageObject | Offer | Person | Product | Rating | Review,39
https://kraftboxpack.com/product/kraft-treat-boxes/,200,product,Get Kraft Treat Boxes And Wholesale Packaging,High-quality Kraft treat boxes for a rustic and charming presentation. Add a personal touch to your gifts. Order Yours Today!,https://kraftboxpack.com/product/kraft-treat-boxes/,,"Eco Kraft Boxes for Treat Packaging \r\n Sweets, candies, chocolates, and party favors need packaging that balances strength with presentation. At Kraft"",""currency"":""USD"",""tags"":[],""images"":[],""variants"":{""2628"":{""variantID"":""2628"",""title"":""Kraft Treat Boxes"",""status"":null,""price"":30,""imageID"":""2629"",""imageUrl"":""https:\/\/kraftboxpack.com\/wp-content\/uploads\/2024\/10\/Kraft-Treat-Boxes.jpg""}},""productID"":""2628"",""productUrl"":""https:\/\/kraftboxpack.com\/product\/kraft-treat-boxes\/"",""categoryIDs"":null,""createdAt"":null,""updatedAt"":null,""published"":true} gtag(""event"", ""view_item"", { send_to: ""GLA"", ecomm_pagetype: ""product"", value: 0.300000, items:[{ id: ""gla_2628"", price: 0.300000, google_business_vertical: ""retail"", name: ""Kraft Treat Boxes"", category: ""Kraft Packaging Boxes"", }]}); Kraft Treat Boxes",16,19,1633,27,AggregateRating | Brand | ImageObject | Offer | Person | Product | Rating | Review,41
https://kraftboxpack.com/product/kraft-triangle-boxes/,200,product,Kraft Triangle Boxes Wholesale | KBP,"Kraft Triangle Boxes wholesale by KBP in custom sizes, eco-friendly stock and sharp printing for snacks, gifts and retail shelf displays.",https://kraftboxpack.com/product/kraft-triangle-boxes/,,Kraft Triangle Boxes,14,19,3181,28,AggregateRating | Brand | ImageObject | Offer | Person | Product | Rating | Review,41
https://kraftboxpack.com/product/kraft-tube-packaging/,200,product,Kraft Tube Packaging Wholesale | KBP,"Kraft tube packaging wholesale by KBP with custom sizes, eco friendly materials, quality printing, fast turnaround and reliable UK wide delivery.",https://kraftboxpack.com/product/kraft-tube-packaging/,,Kraft Tube Packaging,14,19,2551,28,AggregateRating | Brand | ImageObject | Offer | Person | Product | Rating | Review,41
https://kraftboxpack.com/product/kraft-underwear-packaging-boxes/,200,product,Kraft Underwear Packaging Boxes Wholesale | KBP,"Order Kraft underwear packaging boxes wholesale from KBP with custom sizes, eco-friendly materials, fast turnaround and affordable bulk pricing.",https://kraftboxpack.com/product/kraft-underwear-packaging-boxes/,,Kraft Underwear Packaging Boxes,14,19,2627,28,AggregateRating | Brand | ImageObject | Offer | Person | Product | Rating | Review,41
https://kraftboxpack.com/product/kraft-vegetable-packaging-boxes/,200,product,Kraft Vegetable Packaging Boxes Wholesale | KBP,"Eco-friendly Kraft vegetable packaging boxes wholesale from KBP with custom sizes, sturdy build and quick turnaround for farms and grocery brands.",https://kraftboxpack.com/product/kraft-vegetable-packaging-boxes/,,Kraft Vegetable Packaging Boxes,15,20,2879,28,AggregateRating | Brand | ImageObject | Offer | Person | Product | Rating | Review,41
https://kraftboxpack.com/product/kraft-vitamin-packaging-boxes/,200,product,Kraft Vitamin Packaging Boxes Wholesale | KBP,"Order Kraft vitamin packaging boxes wholesale from KBP with eco-friendly stock, custom printing, secure inserts and quick turnaround for supplements.",https://kraftboxpack.com/product/kraft-vitamin-packaging-boxes/,,Kraft Vitamin Packaging Boxes,23,16,2438,28,AggregateRating | Brand | ImageObject | Offer | Person | Product | Rating | Review,41
https://kraftboxpack.com/product/kraft-watch-packaging-boxes/,200,product,Kraft Watch Packaging Boxes Wholesale | KBP,"Order Kraft watch packaging boxes wholesale from KBP with custom sizes, sturdy eco cardboard, logo printing, and fast UK delivery.",https://kraftboxpack.com/product/kraft-watch-packaging-boxes/,,Kraft Watch Packaging Boxes,14,19,2466,28,AggregateRating | Brand | ImageObject | Offer | Person | Product | Rating | Review,41
https://kraftboxpack.com/product/kraft-wax-melt-boxes/,200,product,Kraft Wax Melt Boxes Wholesale | KBP,"Order eco-friendly Kraft wax melt boxes wholesale from KBP with custom sizes, branding, sturdy materials, fast turnaround and UK-wide delivery.",https://kraftboxpack.com/product/kraft-wax-melt-boxes/,,Kraft Wax Melt Boxes,23,16,2465,28,AggregateRating | Brand | ImageObject | Offer | Person | Product | Rating | Review,42
https://kraftboxpack.com/product/large-kraft-gift-boxes/,200,product,"Order Large Kraft Gift Boxes , Discounted Price",Wholesale large kraft gift boxes with various coating options. Free design and shipping. Perfect for product packaging and gifting.,https://kraftboxpack.com/product/large-kraft-gift-boxes/,,Large Kraft Gift Boxes,17,26,1908,27,AggregateRating | Brand | ImageObject | Offer | Person | Product | Rating | Review,41
https://kraftboxpack.com/product/mini-kraft-boxes/,200,product,"Shop Mini Kraft Boxes, Wholesale Price","Wholesale Mini Kraft Boxes: Perfect for jewelry, candies, and more. Free design, shipping, and various coating options. Order now at wholesale prices.",https://kraftboxpack.com/product/mini-kraft-boxes/,,Mini Kraft Boxes,16,24,1575,27,AggregateRating | Brand | ImageObject | Offer | Person | Product | Rating | Review,41
https://kraftboxpack.com/product/small-kraft-boxes/,200,product,"Buy Small Kraft Boxes, Wholesale",High-quality small kraft boxes at wholesale prices. Customize with various coatings and printing options. Order Yours today!,https://kraftboxpack.com/product/small-kraft-boxes/,,Small Kraft Boxes,16,16,1505,27,AggregateRating | Brand | ImageObject | Offer | Person | Product | Rating | Review,41
https://kraftboxpack.com/products/,200,page,Products - Kraft Box Pack,,https://kraftboxpack.com/products/,,Products,47,0,412,52,ItemList | ListItem,123
https://kraftboxpack.com/refund_returns/,200,page,Refund and Returns Policy - Kraft Box Pack,,https://kraftboxpack.com/refund_returns/,,,6,6,401,7,,25
https://kraftboxpack.com/terms-conditions/,200,page,Terms & Conditions - Kraft Box Pack,,https://kraftboxpack.com/terms-conditions/,,Terms & Conditions,5,1,884,7,,25
https://kraftboxpack.com/thank-you/,200,page,Thank you - Kraft Box Pack,,https://kraftboxpack.com/thank-you/,,,3,0,108,8,,24
