"old_url","new_url","action","status","redirect_target","indexable","in_sitemap","note"
"https://kraftboxpack.com/","https://kraftboxpack.com/","preserved (200)","200","","yes","yes",""
"https://kraftboxpack.com/about-us/","https://kraftboxpack.com/about-us/","preserved (200)","200","","yes","yes",""
"https://kraftboxpack.com/cart/","https://kraftboxpack.com/get-a-quote/","301 redirect","301","/get-a-quote/","n/a","no","WooCommerce checkout retired; quote page is the equivalent action"
"https://kraftboxpack.com/checkout/","https://kraftboxpack.com/get-a-quote/","301 redirect","301","/get-a-quote/","n/a","no","WooCommerce checkout retired; quote page is the equivalent action"
"https://kraftboxpack.com/contact-us/","https://kraftboxpack.com/contact-us/","preserved (200)","200","","yes","yes",""
"https://kraftboxpack.com/my-account/","https://kraftboxpack.com/contact-us/","301 redirect","301","/contact-us/","n/a","no","No customer accounts on a static site"
"https://kraftboxpack.com/privacy-policy/","https://kraftboxpack.com/privacy-policy/","preserved (200)","200","","yes","yes",""
"https://kraftboxpack.com/product-category/colored-kraft-boxes/","https://kraftboxpack.com/product-category/colored-kraft-boxes/","preserved (200)","200","","yes","yes",""
"https://kraftboxpack.com/product-category/jewelry-accessories-boxes/","https://kraftboxpack.com/product-category/jewelry-accessories-boxes/","preserved (200)","200","","yes","yes",""
"https://kraftboxpack.com/product-category/kraft-apparel-boxes/","https://kraftboxpack.com/product-category/kraft-apparel-boxes/","preserved (200)","200","","yes","yes",""
"https://kraftboxpack.com/product-category/kraft-art-boxes/","https://kraftboxpack.com/product-category/kraft-art-boxes/","preserved (200)","200","","yes","yes",""
"https://kraftboxpack.com/product-category/kraft-cosmetic-boxes/","https://kraftboxpack.com/product-category/kraft-cosmetic-boxes/","preserved (200)","200","","yes","yes",""
"https://kraftboxpack.com/product-category/kraft-display-packaging/","https://kraftboxpack.com/product-category/kraft-display-packaging/","preserved (200)","200","","yes","yes",""
"https://kraftboxpack.com/product-category/kraft-electronics-boxes/","https://kraftboxpack.com/product-category/kraft-electronics-boxes/","preserved (200)","200","","yes","yes",""
"https://kraftboxpack.com/product-category/kraft-food-packaging/","https://kraftboxpack.com/product-category/kraft-food-packaging/","preserved (200)","200","","yes","yes",""
"https://kraftboxpack.com/product-category/kraft-gift-specialty-boxes/","https://kraftboxpack.com/product-category/kraft-gift-specialty-boxes/","preserved (200)","200","","yes","yes",""
"https://kraftboxpack.com/product-category/kraft-gift-specialty-boxes/custom-gift-boxes/","https://kraftboxpack.com/product-category/kraft-gift-specialty-boxes/custom-gift-boxes/","preserved (200)","200","","yes","yes",""
"https://kraftboxpack.com/product-category/kraft-industrial-packaging/","https://kraftboxpack.com/product-category/kraft-industrial-packaging/","preserved (200)","200","","yes","yes",""
"https://kraftboxpack.com/product-category/kraft-luxury-packaging/","https://kraftboxpack.com/product-category/kraft-luxury-packaging/","preserved (200)","200","","yes","yes",""
"https://kraftboxpack.com/product-category/kraft-packaging-boxes/","https://kraftboxpack.com/product-category/kraft-packaging-boxes/","preserved (200)","200","","yes","yes",""
"https://kraftboxpack.com/product-category/kraft-packaging-boxes/karft-cosmetic-boxes/","https://kraftboxpack.com/product-category/kraft-packaging-boxes/karft-cosmetic-boxes/","preserved (200)","200","","yes","yes","Duplicate of /product-category/kraft-cosmetic-boxes/; kept live, canonicalised to it"
"https://kraftboxpack.com/product-category/kraft-pharma-boxes/","https://kraftboxpack.com/product-category/kraft-pharma-boxes/","preserved (200)","200","","yes","yes",""
"https://kraftboxpack.com/product-category/kraft-toy-packaging/","https://kraftboxpack.com/product-category/kraft-toy-packaging/","preserved (200)","200","","yes","yes",""
"https://kraftboxpack.com/product-category/kraft-wrapping-accessories/","https://kraftboxpack.com/product-category/kraft-wrapping-accessories/","preserved (200)","200","","yes","yes",""
"https://kraftboxpack.com/product/black-kraft-boxes/","https://kraftboxpack.com/product/black-kraft-boxes/","preserved (200)","200","","yes","yes",""
"https://kraftboxpack.com/product/brown-kraft-boxes/","https://kraftboxpack.com/product/brown-kraft-boxes/","preserved (200)","200","","yes","yes",""
"https://kraftboxpack.com/product/colored-kraft-paper/","https://kraftboxpack.com/product/colored-kraft-paper/","preserved (200)","200","","yes","yes",""
"https://kraftboxpack.com/product/custom-kraft-bags/","https://kraftboxpack.com/product/custom-kraft-bags/","preserved (200)","200","","yes","yes",""
"https://kraftboxpack.com/product/kraft-apparel-packaging-boxes/","https://kraftboxpack.com/product/kraft-apparel-packaging-boxes/","preserved (200)","200","","yes","yes",""
"https://kraftboxpack.com/product/kraft-art-supply-packaging/","https://kraftboxpack.com/product/kraft-art-supply-packaging/","preserved (200)","200","","yes","yes",""
"https://kraftboxpack.com/product/kraft-baby-product-boxes/","https://kraftboxpack.com/product/kraft-baby-product-boxes/","preserved (200)","200","","yes","yes",""
"https://kraftboxpack.com/product/kraft-badge-packaging-boxes/","https://kraftboxpack.com/product/kraft-badge-packaging-boxes/","preserved (200)","200","","yes","yes",""
"https://kraftboxpack.com/product/kraft-bakery-bags/","https://kraftboxpack.com/product/kraft-bakery-bags/","preserved (200)","200","","yes","yes",""
"https://kraftboxpack.com/product/kraft-bakery-boxes/","https://kraftboxpack.com/product/kraft-bakery-boxes/","preserved (200)","200","","yes","yes",""
"https://kraftboxpack.com/product/kraft-beard-oil-boxes/","https://kraftboxpack.com/product/kraft-beard-oil-boxes/","preserved (200)","200","","yes","yes",""
"https://kraftboxpack.com/product/kraft-beauty-kit-boxes/","https://kraftboxpack.com/product/kraft-beauty-kit-boxes/","preserved (200)","200","","yes","yes",""
"https://kraftboxpack.com/product/kraft-belt-packaging-boxes/","https://kraftboxpack.com/product/kraft-belt-packaging-boxes/","preserved (200)","200","","yes","yes",""
"https://kraftboxpack.com/product/kraft-board-game-packaging-boxes/","https://kraftboxpack.com/product/kraft-board-game-packaging-boxes/","preserved (200)","200","","yes","yes",""
"https://kraftboxpack.com/product/kraft-bouquet-boxes/","https://kraftboxpack.com/product/kraft-bouquet-boxes/","preserved (200)","200","","yes","yes",""
"https://kraftboxpack.com/product/kraft-box-with-window/","https://kraftboxpack.com/product/kraft-box-with-window/","preserved (200)","200","","yes","yes",""
"https://kraftboxpack.com/product/kraft-boxes-for-gifts/","https://kraftboxpack.com/product/kraft-boxes-for-gifts/","preserved (200)","200","","yes","yes",""
"https://kraftboxpack.com/product/kraft-boxes-with-lid/","https://kraftboxpack.com/product/kraft-boxes-with-lid/","preserved (200)","200","","yes","yes",""
"https://kraftboxpack.com/product/kraft-bracelet-packaging-boxes/","https://kraftboxpack.com/product/kraft-bracelet-packaging-boxes/","preserved (200)","200","","yes","yes",""
"https://kraftboxpack.com/product/kraft-brochure-packaging-boxes/","https://kraftboxpack.com/product/kraft-brochure-packaging-boxes/","preserved (200)","200","","yes","yes",""
"https://kraftboxpack.com/product/kraft-brownie-packaging-boxes/","https://kraftboxpack.com/product/kraft-brownie-packaging-boxes/","preserved (200)","200","","yes","yes",""
"https://kraftboxpack.com/product/kraft-bulk-shipping-crates/","https://kraftboxpack.com/product/kraft-bulk-shipping-crates/","preserved (200)","200","","yes","yes",""
"https://kraftboxpack.com/product/kraft-cake-boxes/","https://kraftboxpack.com/product/kraft-cake-boxes/","preserved (200)","200","","yes","yes",""
"https://kraftboxpack.com/product/kraft-calendar-boxes/","https://kraftboxpack.com/product/kraft-calendar-boxes/","preserved (200)","200","","yes","yes",""
"https://kraftboxpack.com/product/kraft-candle-boxes/","https://kraftboxpack.com/product/kraft-candle-boxes/","preserved (200)","200","","yes","yes",""
"https://kraftboxpack.com/product/kraft-candle-sleeve-boxes/","https://kraftboxpack.com/product/kraft-candle-sleeve-boxes/","preserved (200)","200","","yes","yes",""
"https://kraftboxpack.com/product/kraft-candy-boxes/","https://kraftboxpack.com/product/kraft-candy-boxes/","preserved (200)","200","","yes","yes",""
"https://kraftboxpack.com/product/kraft-candy-favor-boxes/","https://kraftboxpack.com/product/kraft-candy-favor-boxes/","preserved (200)","200","","yes","yes",""
"https://kraftboxpack.com/product/kraft-cardboard-boxes/","https://kraftboxpack.com/product/kraft-cardboard-boxes/","preserved (200)","200","","yes","yes",""
"https://kraftboxpack.com/product/kraft-cd-dvd-packaging/","https://kraftboxpack.com/product/kraft-cd-dvd-packaging/","preserved (200)","200","","yes","yes",""
"https://kraftboxpack.com/product/kraft-certificate-boxes/","https://kraftboxpack.com/product/kraft-certificate-boxes/","preserved (200)","200","","yes","yes",""
"https://kraftboxpack.com/product/kraft-chemical-safe-boxes/","https://kraftboxpack.com/product/kraft-chemical-safe-boxes/","preserved (200)","200","","yes","yes",""
"https://kraftboxpack.com/product/kraft-chocolate-packaging-boxes/","https://kraftboxpack.com/product/kraft-chocolate-packaging-boxes/","preserved (200)","200","","yes","yes",""
"https://kraftboxpack.com/product/kraft-coffee-packaging-boxes/","https://kraftboxpack.com/product/kraft-coffee-packaging-boxes/","preserved (200)","200","","yes","yes",""
"https://kraftboxpack.com/product/kraft-cookie-boxes/","https://kraftboxpack.com/product/kraft-cookie-boxes/","preserved (200)","200","","yes","yes",""
"https://kraftboxpack.com/product/kraft-corrugated-boxes/","https://kraftboxpack.com/product/kraft-corrugated-boxes/","preserved (200)","200","","yes","yes",""
"https://kraftboxpack.com/product/kraft-cupcake-boxes/","https://kraftboxpack.com/product/kraft-cupcake-boxes/","preserved (200)","200","","yes","yes",""
"https://kraftboxpack.com/product/kraft-cylindrical-boxes/","https://kraftboxpack.com/product/kraft-cylindrical-boxes/","preserved (200)","200","","yes","yes",""
"https://kraftboxpack.com/product/kraft-dispenser-boxes/","https://kraftboxpack.com/product/kraft-dispenser-boxes/","preserved (200)","200","","yes","yes",""
"https://kraftboxpack.com/product/kraft-display-boxes/","https://kraftboxpack.com/product/kraft-display-boxes/","preserved (200)","200","","yes","yes",""
"https://kraftboxpack.com/product/kraft-document-mailers/","https://kraftboxpack.com/product/kraft-document-mailers/","preserved (200)","200","","yes","yes",""
"https://kraftboxpack.com/product/kraft-donut-packaging-boxes/","https://kraftboxpack.com/product/kraft-donut-packaging-boxes/","preserved (200)","200","","yes","yes",""
"https://kraftboxpack.com/product/kraft-drawer-boxes/","https://kraftboxpack.com/product/kraft-drawer-boxes/","preserved (200)","200","","yes","yes",""
"https://kraftboxpack.com/product/kraft-drawer-gift-boxes/","https://kraftboxpack.com/product/kraft-drawer-gift-boxes/","preserved (200)","200","","yes","yes",""
"https://kraftboxpack.com/product/kraft-earring-packaging-boxes/","https://kraftboxpack.com/product/kraft-earring-packaging-boxes/","preserved (200)","200","","yes","yes",""
"https://kraftboxpack.com/product/kraft-eco-friendly-compostable-boxes/","https://kraftboxpack.com/product/kraft-eco-friendly-compostable-boxes/","preserved (200)","200","","yes","yes",""
"https://kraftboxpack.com/product/kraft-egg-cartons/","https://kraftboxpack.com/product/kraft-egg-cartons/","preserved (200)","200","","yes","yes",""
"https://kraftboxpack.com/product/kraft-event-favor-boxes/","https://kraftboxpack.com/product/kraft-event-favor-boxes/","preserved (200)","200","","yes","yes",""
"https://kraftboxpack.com/product/kraft-eyelash-packaging-boxes/","https://kraftboxpack.com/product/kraft-eyelash-packaging-boxes/","preserved (200)","200","","yes","yes",""
"https://kraftboxpack.com/product/kraft-favor-boxes/","https://kraftboxpack.com/product/kraft-favor-boxes/","preserved (200)","200","","yes","yes",""
"https://kraftboxpack.com/product/kraft-first-aid-kit-boxes/","https://kraftboxpack.com/product/kraft-first-aid-kit-boxes/","preserved (200)","200","","yes","yes",""
"https://kraftboxpack.com/product/kraft-flip-top-rigid-boxes/","https://kraftboxpack.com/product/kraft-flip-top-rigid-boxes/","preserved (200)","200","","yes","yes",""
"https://kraftboxpack.com/product/kraft-flower-boxes/","https://kraftboxpack.com/product/kraft-flower-boxes/","preserved (200)","200","","yes","yes",""
"https://kraftboxpack.com/product/kraft-food-boxes/","https://kraftboxpack.com/product/kraft-food-boxes/","preserved (200)","200","","yes","yes",""
"https://kraftboxpack.com/product/kraft-frozen-food-boxes/","https://kraftboxpack.com/product/kraft-frozen-food-boxes/","preserved (200)","200","","yes","yes",""
"https://kraftboxpack.com/product/kraft-fruit-packaging-boxes/","https://kraftboxpack.com/product/kraft-fruit-packaging-boxes/","preserved (200)","200","","yes","yes",""
"https://kraftboxpack.com/product/kraft-gable-boxes/","https://kraftboxpack.com/product/kraft-gable-boxes/","preserved (200)","200","","yes","yes",""
"https://kraftboxpack.com/product/kraft-gift-boxes-with-lids/","https://kraftboxpack.com/product/kraft-gift-boxes-with-lids/","preserved (200)","200","","yes","yes",""
"https://kraftboxpack.com/product/kraft-gift-card-boxes/","https://kraftboxpack.com/product/kraft-gift-card-boxes/","preserved (200)","200","","yes","yes",""
"https://kraftboxpack.com/product/kraft-gift-hamper-boxes/","https://kraftboxpack.com/product/kraft-gift-hamper-boxes/","preserved (200)","200","","yes","yes",""
"https://kraftboxpack.com/product/kraft-giveaway-packaging-boxes/","https://kraftboxpack.com/product/kraft-giveaway-packaging-boxes/","preserved (200)","200","","yes","yes",""
"https://kraftboxpack.com/product/kraft-granola-bar-boxes/","https://kraftboxpack.com/product/kraft-granola-bar-boxes/","preserved (200)","200","","yes","yes",""
"https://kraftboxpack.com/product/kraft-hanging-display-boxes/","https://kraftboxpack.com/product/kraft-hanging-display-boxes/","preserved (200)","200","","yes","yes",""
"https://kraftboxpack.com/product/kraft-heart-shaped-boxes/","https://kraftboxpack.com/product/kraft-heart-shaped-boxes/","preserved (200)","200","","yes","yes",""
"https://kraftboxpack.com/product/kraft-heavy-duty-storage-boxes/","https://kraftboxpack.com/product/kraft-heavy-duty-storage-boxes/","preserved (200)","200","","yes","yes",""
"https://kraftboxpack.com/product/kraft-hexagon-boxes/","https://kraftboxpack.com/product/kraft-hexagon-boxes/","preserved (200)","200","","yes","yes",""
"https://kraftboxpack.com/product/kraft-industrial-parts-boxes/","https://kraftboxpack.com/product/kraft-industrial-parts-boxes/","preserved (200)","200","","yes","yes",""
"https://kraftboxpack.com/product/kraft-influencer-boxes/","https://kraftboxpack.com/product/kraft-influencer-boxes/","preserved (200)","200","","yes","yes",""
"https://kraftboxpack.com/product/kraft-insulated-cold-boxes/","https://kraftboxpack.com/product/kraft-insulated-cold-boxes/","preserved (200)","200","","yes","yes",""
"https://kraftboxpack.com/product/kraft-invitation-boxes/","https://kraftboxpack.com/product/kraft-invitation-boxes/","preserved (200)","200","","yes","yes",""
"https://kraftboxpack.com/product/kraft-jewelry-boxes/","https://kraftboxpack.com/product/kraft-jewelry-boxes/","preserved (200)","200","","yes","yes",""
"https://kraftboxpack.com/product/kraft-jewelry-insert-boxes/","https://kraftboxpack.com/product/kraft-jewelry-insert-boxes/","preserved (200)","200","","yes","yes",""
"https://kraftboxpack.com/product/kraft-juice-bottle-carriers/","https://kraftboxpack.com/product/kraft-juice-bottle-carriers/","preserved (200)","200","","yes","yes",""
"https://kraftboxpack.com/product/kraft-keychain-packaging-boxes/","https://kraftboxpack.com/product/kraft-keychain-packaging-boxes/","preserved (200)","200","","yes","yes",""
"https://kraftboxpack.com/product/kraft-lid-base-rigid-boxes/","https://kraftboxpack.com/product/kraft-lid-base-rigid-boxes/","preserved (200)","200","","yes","yes",""
"https://kraftboxpack.com/product/kraft-lip-balm-packaging-boxes/","https://kraftboxpack.com/product/kraft-lip-balm-packaging-boxes/","preserved (200)","200","","yes","yes",""
"https://kraftboxpack.com/product/kraft-liquor-gift-boxes/","https://kraftboxpack.com/product/kraft-liquor-gift-boxes/","preserved (200)","200","","yes","yes",""
"https://kraftboxpack.com/product/kraft-luxury-magnet-boxes/","https://kraftboxpack.com/product/kraft-luxury-magnet-boxes/","preserved (200)","200","","yes","yes",""
"https://kraftboxpack.com/product/kraft-macaron-packaging-boxes/","https://kraftboxpack.com/product/kraft-macaron-packaging-boxes/","preserved (200)","200","","yes","yes",""
"https://kraftboxpack.com/product/kraft-magnetic-closure-boxes/","https://kraftboxpack.com/product/kraft-magnetic-closure-boxes/","preserved (200)","200","","yes","yes",""
"https://kraftboxpack.com/product/kraft-mailer-boxes/","https://kraftboxpack.com/product/kraft-mailer-boxes/","preserved (200)","200","","yes","yes",""
"https://kraftboxpack.com/product/kraft-makeup-palette-boxes/","https://kraftboxpack.com/product/kraft-makeup-palette-boxes/","preserved (200)","200","","yes","yes",""
"https://kraftboxpack.com/product/kraft-marketing-kit-boxes/","https://kraftboxpack.com/product/kraft-marketing-kit-boxes/","preserved (200)","200","","yes","yes",""
"https://kraftboxpack.com/product/kraft-mascara-boxes/","https://kraftboxpack.com/product/kraft-mascara-boxes/","preserved (200)","200","","yes","yes",""
"https://kraftboxpack.com/product/kraft-meat-packaging-boxes/","https://kraftboxpack.com/product/kraft-meat-packaging-boxes/","preserved (200)","200","","yes","yes",""
"https://kraftboxpack.com/product/kraft-medicine-packaging-boxes/","https://kraftboxpack.com/product/kraft-medicine-packaging-boxes/","preserved (200)","200","","yes","yes",""
"https://kraftboxpack.com/product/kraft-milk-bottle-carriers/","https://kraftboxpack.com/product/kraft-milk-bottle-carriers/","preserved (200)","200","","yes","yes",""
"https://kraftboxpack.com/product/kraft-minimalist-boxes/","https://kraftboxpack.com/product/kraft-minimalist-boxes/","preserved (200)","200","","yes","yes",""
"https://kraftboxpack.com/product/kraft-muffin-packaging-boxes/","https://kraftboxpack.com/product/kraft-muffin-packaging-boxes/","preserved (200)","200","","yes","yes",""
"https://kraftboxpack.com/product/kraft-necklace-box/","https://kraftboxpack.com/product/kraft-necklace-box/","preserved (200)","200","","yes","yes",""
"https://kraftboxpack.com/product/kraft-noodle-packaging-boxes/","https://kraftboxpack.com/product/kraft-noodle-packaging-boxes/","preserved (200)","200","","yes","yes",""
"https://kraftboxpack.com/product/kraft-notebook-packaging/","https://kraftboxpack.com/product/kraft-notebook-packaging/","preserved (200)","200","","yes","yes",""
"https://kraftboxpack.com/product/kraft-octagon-boxes/","https://kraftboxpack.com/product/kraft-octagon-boxes/","preserved (200)","200","","yes","yes",""
"https://kraftboxpack.com/product/kraft-paper-boxes/","https://kraftboxpack.com/product/kraft-paper-boxes/","preserved (200)","200","","yes","yes",""
"https://kraftboxpack.com/product/kraft-paper-dispenser-boxes/","https://kraftboxpack.com/product/kraft-paper-dispenser-boxes/","preserved (200)","200","","yes","yes",""
"https://kraftboxpack.com/product/kraft-paper-gift-boxes/","https://kraftboxpack.com/product/kraft-paper-gift-boxes/","preserved (200)","200","","yes","yes",""
"https://kraftboxpack.com/product/kraft-paper-gift-wrapping/","https://kraftboxpack.com/product/kraft-paper-gift-wrapping/","preserved (200)","200","","yes","yes",""
"https://kraftboxpack.com/product/kraft-paper-packaging/","https://kraftboxpack.com/product/kraft-paper-packaging/","preserved (200)","200","","yes","yes",""
"https://kraftboxpack.com/product/kraft-paper-treat-bags/","https://kraftboxpack.com/product/kraft-paper-treat-bags/","preserved (200)","200","","yes","yes",""
"https://kraftboxpack.com/product/kraft-paperboard-boxes/","https://kraftboxpack.com/product/kraft-paperboard-boxes/","preserved (200)","200","","yes","yes",""
"https://kraftboxpack.com/product/kraft-pastry-boxes/","https://kraftboxpack.com/product/kraft-pastry-boxes/","preserved (200)","200","","yes","yes",""
"https://kraftboxpack.com/product/kraft-pen-packaging-boxes/","https://kraftboxpack.com/product/kraft-pen-packaging-boxes/","preserved (200)","200","","yes","yes",""
"https://kraftboxpack.com/product/kraft-pencil-packaging-boxes/","https://kraftboxpack.com/product/kraft-pencil-packaging-boxes/","preserved (200)","200","","yes","yes",""
"https://kraftboxpack.com/product/kraft-perfume-boxes/","https://kraftboxpack.com/product/kraft-perfume-boxes/","preserved (200)","200","","yes","yes",""
"https://kraftboxpack.com/product/kraft-photo-frame-boxes/","https://kraftboxpack.com/product/kraft-photo-frame-boxes/","preserved (200)","200","","yes","yes",""
"https://kraftboxpack.com/product/kraft-pillow-boxes/","https://kraftboxpack.com/product/kraft-pillow-boxes/","preserved (200)","200","","yes","yes",""
"https://kraftboxpack.com/product/kraft-pillow-gift-boxes/","https://kraftboxpack.com/product/kraft-pillow-gift-boxes/","preserved (200)","200","","yes","yes",""
"https://kraftboxpack.com/product/kraft-pizza-boxes/","https://kraftboxpack.com/product/kraft-pizza-boxes/","preserved (200)","200","","yes","yes",""
"https://kraftboxpack.com/product/kraft-pop-display-boxes/","https://kraftboxpack.com/product/kraft-pop-display-boxes/","preserved (200)","200","","yes","yes",""
"https://kraftboxpack.com/product/kraft-popcorn-packaging-boxes/","https://kraftboxpack.com/product/kraft-popcorn-packaging-boxes/","preserved (200)","200","","yes","yes",""
"https://kraftboxpack.com/product/kraft-ppe-packaging-boxes/","https://kraftboxpack.com/product/kraft-ppe-packaging-boxes/","preserved (200)","200","","yes","yes",""
"https://kraftboxpack.com/product/kraft-pr-packaging-boxes/","https://kraftboxpack.com/product/kraft-pr-packaging-boxes/","preserved (200)","200","","yes","yes",""
"https://kraftboxpack.com/product/kraft-promotional-boxes/","https://kraftboxpack.com/product/kraft-promotional-boxes/","preserved (200)","200","","yes","yes",""
"https://kraftboxpack.com/product/kraft-puzzle-packaging-boxes/","https://kraftboxpack.com/product/kraft-puzzle-packaging-boxes/","preserved (200)","200","","yes","yes",""
"https://kraftboxpack.com/product/kraft-pyramid-boxes/","https://kraftboxpack.com/product/kraft-pyramid-boxes/","preserved (200)","200","","yes","yes",""
"https://kraftboxpack.com/product/kraft-rectangular-gift-boxes/","https://kraftboxpack.com/product/kraft-rectangular-gift-boxes/","preserved (200)","200","","yes","yes",""
"https://kraftboxpack.com/product/kraft-recycled-kraft-boxes/","https://kraftboxpack.com/product/kraft-recycled-kraft-boxes/","preserved (200)","200","","yes","yes",""
"https://kraftboxpack.com/product/kraft-retail-display-trays/","https://kraftboxpack.com/product/kraft-retail-display-trays/","preserved (200)","200","","yes","yes",""
"https://kraftboxpack.com/product/kraft-ribbon-closure-boxes/","https://kraftboxpack.com/product/kraft-ribbon-closure-boxes/","preserved (200)","200","","yes","yes",""
"https://kraftboxpack.com/product/kraft-rigid-boxes/","https://kraftboxpack.com/product/kraft-rigid-boxes/","preserved (200)","200","","yes","yes",""
"https://kraftboxpack.com/product/kraft-ring-packaging-boxes/","https://kraftboxpack.com/product/kraft-ring-packaging-boxes/","preserved (200)","200","","yes","yes",""
"https://kraftboxpack.com/product/kraft-round-boxes/","https://kraftboxpack.com/product/kraft-round-boxes/","preserved (200)","200","","yes","yes",""
"https://kraftboxpack.com/product/kraft-round-gift-containers/","https://kraftboxpack.com/product/kraft-round-gift-containers/","preserved (200)","200","","yes","yes",""
"https://kraftboxpack.com/product/kraft-salad-boxes/","https://kraftboxpack.com/product/kraft-salad-boxes/","preserved (200)","200","","yes","yes",""
"https://kraftboxpack.com/product/kraft-sandwich-wedge-boxes/","https://kraftboxpack.com/product/kraft-sandwich-wedge-boxes/","preserved (200)","200","","yes","yes",""
"https://kraftboxpack.com/product/kraft-scarf-boxes/","https://kraftboxpack.com/product/kraft-scarf-boxes/","preserved (200)","200","","yes","yes",""
"https://kraftboxpack.com/product/kraft-seafood-boxes/","https://kraftboxpack.com/product/kraft-seafood-boxes/","preserved (200)","200","","yes","yes",""
"https://kraftboxpack.com/product/kraft-shelf-ready-packaging/","https://kraftboxpack.com/product/kraft-shelf-ready-packaging/","preserved (200)","200","","yes","yes",""
"https://kraftboxpack.com/product/kraft-shipping-boxes/","https://kraftboxpack.com/product/kraft-shipping-boxes/","preserved (200)","200","","yes","yes",""
"https://kraftboxpack.com/product/kraft-shoe-boxes/","https://kraftboxpack.com/product/kraft-shoe-boxes/","preserved (200)","200","","yes","yes",""
"https://kraftboxpack.com/product/kraft-shoulder-boxes/","https://kraftboxpack.com/product/kraft-shoulder-boxes/","preserved (200)","200","","yes","yes",""
"https://kraftboxpack.com/product/kraft-skincare-boxes/","https://kraftboxpack.com/product/kraft-skincare-boxes/","preserved (200)","200","","yes","yes",""
"https://kraftboxpack.com/product/kraft-snack-packaging-boxes/","https://kraftboxpack.com/product/kraft-snack-packaging-boxes/","preserved (200)","200","","yes","yes",""
"https://kraftboxpack.com/product/kraft-soap-sleeve-boxes/","https://kraftboxpack.com/product/kraft-soap-sleeve-boxes/","preserved (200)","200","","yes","yes",""
"https://kraftboxpack.com/product/kraft-sock-packaging-boxes/","https://kraftboxpack.com/product/kraft-sock-packaging-boxes/","preserved (200)","200","","yes","yes",""
"https://kraftboxpack.com/product/kraft-square-gift-boxes/","https://kraftboxpack.com/product/kraft-square-gift-boxes/","preserved (200)","200","","yes","yes",""
"https://kraftboxpack.com/product/kraft-stationery-boxes/","https://kraftboxpack.com/product/kraft-stationery-boxes/","preserved (200)","200","","yes","yes",""
"https://kraftboxpack.com/product/kraft-storage-boxes/","https://kraftboxpack.com/product/kraft-storage-boxes/","preserved (200)","200","","yes","yes",""
"https://kraftboxpack.com/product/kraft-subscription-boxes/","https://kraftboxpack.com/product/kraft-subscription-boxes/","preserved (200)","200","","yes","yes",""
"https://kraftboxpack.com/product/kraft-supplement-boxes/","https://kraftboxpack.com/product/kraft-supplement-boxes/","preserved (200)","200","","yes","yes",""
"https://kraftboxpack.com/product/kraft-sushi-packaging-boxes/","https://kraftboxpack.com/product/kraft-sushi-packaging-boxes/","preserved (200)","200","","yes","yes",""
"https://kraftboxpack.com/product/kraft-syrup-packaging-boxes/","https://kraftboxpack.com/product/kraft-syrup-packaging-boxes/","preserved (200)","200","","yes","yes",""
"https://kraftboxpack.com/product/kraft-t-shirt-boxes/","https://kraftboxpack.com/product/kraft-t-shirt-boxes/","preserved (200)","200","","yes","yes",""
"https://kraftboxpack.com/product/kraft-take-out-boxes/","https://kraftboxpack.com/product/kraft-take-out-boxes/","preserved (200)","200","","yes","yes",""
"https://kraftboxpack.com/product/kraft-tea-packaging-boxes/","https://kraftboxpack.com/product/kraft-tea-packaging-boxes/","preserved (200)","200","","yes","yes",""
"https://kraftboxpack.com/product/kraft-thermal-kraft-boxes/","https://kraftboxpack.com/product/kraft-thermal-kraft-boxes/","preserved (200)","200","","yes","yes",""
"https://kraftboxpack.com/product/kraft-toy-packaging-boxes/","https://kraftboxpack.com/product/kraft-toy-packaging-boxes/","preserved (200)","200","","yes","yes",""
"https://kraftboxpack.com/product/kraft-treat-boxes/","https://kraftboxpack.com/product/kraft-treat-boxes/","preserved (200)","200","","yes","yes",""
"https://kraftboxpack.com/product/kraft-triangle-boxes/","https://kraftboxpack.com/product/kraft-triangle-boxes/","preserved (200)","200","","yes","yes",""
"https://kraftboxpack.com/product/kraft-tube-packaging/","https://kraftboxpack.com/product/kraft-tube-packaging/","preserved (200)","200","","yes","yes",""
"https://kraftboxpack.com/product/kraft-underwear-packaging-boxes/","https://kraftboxpack.com/product/kraft-underwear-packaging-boxes/","preserved (200)","200","","yes","yes",""
"https://kraftboxpack.com/product/kraft-vegetable-packaging-boxes/","https://kraftboxpack.com/product/kraft-vegetable-packaging-boxes/","preserved (200)","200","","yes","yes",""
"https://kraftboxpack.com/product/kraft-vitamin-packaging-boxes/","https://kraftboxpack.com/product/kraft-vitamin-packaging-boxes/","preserved (200)","200","","yes","yes",""
"https://kraftboxpack.com/product/kraft-watch-packaging-boxes/","https://kraftboxpack.com/product/kraft-watch-packaging-boxes/","preserved (200)","200","","yes","yes",""
"https://kraftboxpack.com/product/kraft-wax-melt-boxes/","https://kraftboxpack.com/product/kraft-wax-melt-boxes/","preserved (200)","200","","yes","yes",""
"https://kraftboxpack.com/product/large-kraft-gift-boxes/","https://kraftboxpack.com/product/large-kraft-gift-boxes/","preserved (200)","200","","yes","yes",""
"https://kraftboxpack.com/product/mini-kraft-boxes/","https://kraftboxpack.com/product/mini-kraft-boxes/","preserved (200)","200","","yes","yes",""
"https://kraftboxpack.com/product/small-kraft-boxes/","https://kraftboxpack.com/product/small-kraft-boxes/","preserved (200)","200","","yes","yes",""
"https://kraftboxpack.com/products/","https://kraftboxpack.com/products/","preserved (200)","200","","yes","yes",""
"https://kraftboxpack.com/refund_returns/","https://kraftboxpack.com/refund_returns/","preserved (200)","200","","yes","yes",""
"https://kraftboxpack.com/terms-conditions/","https://kraftboxpack.com/terms-conditions/","preserved (200)","200","","yes","yes",""
"https://kraftboxpack.com/thank-you/","https://kraftboxpack.com/thank-you/","preserved (200)","200","","no","no",""
"","https://kraftboxpack.com/404.html","new page","200","","no","no","Created during the migration"
"","https://kraftboxpack.com/410/","new page","200","","no","no","Created during the migration"
"","https://kraftboxpack.com/get-a-quote/","new page","200","","yes","yes","Created during the migration"
